departamento,anio,divorcios_total,vif_total,vif_sexo_hombres,vif_sexo_mujeres,vif_tipo_fisica,vif_tipo_fisica_patrimonial,vif_tipo_fisica_psicologica,vif_tipo_fisica_psicologica_patrimonial,vif_tipo_fisica_psicologica_sexual,vif_tipo_fisica_psicologica_sexual_patrimonial,vif_tipo_fisica_sexual,vif_tipo_fisica_sexual_patrimonial,vif_tipo_patrimonial,vif_tipo_psicologica,vif_tipo_psicologica_patrimonial,vif_tipo_psicologica_sexual,vif_tipo_psicologica_sexual_patrimonial,vif_tipo_sexual,vif_tipo_sexual_patrimonial,vif_edad_01,vif_edad_02,vif_edad_03,vif_edad_04,vif_edad_05,vif_edad_06,vif_edad_07,vif_edad_08,vif_edad_09,vif_edad_10,vif_edad_11,vif_edad_12,vif_edad_13,vif_edad_14,vif_edad_15,vif_edad_16,vif_edad_17,vif_edad_18,vif_edad_19,vif_edad_20,vif_edad_21,vif_edad_22,vif_edad_23,vif_edad_24,vif_edad_25,vif_edad_26,vif_edad_27,vif_edad_28,vif_edad_29,vif_edad_30,vif_edad_31,vif_edad_32,vif_edad_33,vif_edad_34,vif_edad_35,vif_edad_36,vif_edad_37,vif_edad_38,vif_edad_39,vif_edad_40,vif_edad_41,vif_edad_42,vif_edad_43,vif_edad_44,vif_edad_45,vif_edad_46,vif_edad_47,vif_edad_48,vif_edad_49,vif_edad_50,vif_edad_51,vif_edad_52,vif_edad_53,vif_edad_54,vif_edad_55,vif_edad_56,vif_edad_57,vif_edad_58,vif_edad_59,vif_edad_60,vif_edad_61,vif_edad_62,vif_edad_63,vif_edad_64,vif_edad_65,vif_edad_66,vif_edad_67,vif_edad_68,vif_edad_69,vif_edad_70,vif_edad_71,vif_edad_72,vif_edad_73,vif_edad_74,vif_edad_75,vif_edad_76,vif_edad_77,vif_edad_78,vif_edad_79,vif_edad_80,vif_edad_81,vif_edad_82,vif_edad_83,vif_edad_84,vif_edad_85,vif_edad_86,vif_edad_87,vif_edad_88,vif_edad_89,vif_edad_90,vif_edad_91,vif_edad_92,vif_edad_93,vif_edad_94,vif_edad_95,vif_edad_96,vif_edad_97,vif_edad_98,vif_edad_99
Baja Verapaz,2000,,1,0,1,0,0,1,0,0,0,0,0,0,0,0,0,0,0,0,0,0,0,0,0,0,0,0,0,0,0,0,0,0,0,0,0,0,0,0,0,0,0,0,0,0,0,0,0,0,0,1,0,0,0,0,0,0,0,0,0,0,0,0,0,0,0,0,0,0,0,0,0,0,0,0,0,0,0,0,0,0,0,0,0,0,0,0,0,0,0,0,0,0,0,0,0,0,0,0,0,0,0,0,0,0,0,0,0,0,0,0,0,0,0,0,0,0,0
Guatemala,2000,,3,0,3,0,0,0,0,0,0,0,0,0,0,2,0,1,0,0,0,0,0,0,0,0,0,0,0,0,0,0,0,0,0,0,0,0,0,0,0,0,0,0,0,0,0,0,1,0,0,0,0,0,0,0,0,0,0,0,0,0,1,0,0,0,0,0,0,0,0,0,1,0,0,0,0,0,0,0,0,0,0,0,0,0,0,0,0,0,0,0,0,0,0,0,0,0,0,0,0,0,0,0,0,0,0,0,0,0,0,0,0,0,0,0,0,0,0
Chimaltenango,2001,,1,0,1,0,0,0,0,0,1,0,0,0,0,0,0,0,0,0,0,0,0,0,0,0,0,0,0,0,0,0,0,0,0,0,0,0,0,0,0,0,0,0,0,0,0,1,0,0,0,0,0,0,0,0,0,0,0,0,0,0,0,0,0,0,0,0,0,0,0,0,0,0,0,0,0,0,0,0,0,0,0,0,0,0,0,0,0,0,0,0,0,0,0,0,0,0,0,0,0,0,0,0,0,0,0,0,0,0,0,0,0,0,0,0,0,0,0
Guatemala,2001,,8,1,7,0,0,1,0,0,0,0,0,1,3,3,0,0,0,0,0,0,0,0,0,0,0,0,0,0,0,0,0,0,0,0,0,0,1,0,0,0,0,0,0,0,0,0,0,0,0,0,1,1,0,0,0,1,0,2,0,0,0,0,0,0,0,0,2,0,0,0,0,0,0,0,0,0,0,0,0,0,0,0,0,0,0,0,0,0,0,0,0,0,0,0,0,0,0,0,0,0,0,0,0,0,0,0,0,0,0,0,0,0,0,0,0,0,0
Izabal,2001,,1,0,1,0,0,0,1,0,0,0,0,0,0,0,0,0,0,0,0,0,0,0,0,0,0,0,0,0,0,0,0,0,0,0,0,0,0,0,0,0,0,0,0,0,0,0,0,0,0,0,1,0,0,0,0,0,0,0,0,0,0,0,0,0,0,0,0,0,0,0,0,0,0,0,0,0,0,0,0,0,0,0,0,0,0,0,0,0,0,0,0,0,0,0,0,0,0,0,0,0,0,0,0,0,0,0,0,0,0,0,0,0,0,0,0,0,0
Petén,2001,,1,0,1,0,0,0,0,0,0,0,0,0,1,0,0,0,0,0,0,0,0,0,0,0,0,0,0,0,0,0,0,0,0,1,0,0,0,0,0,0,0,0,0,0,0,0,0,0,0,0,0,0,0,0,0,0,0,0,0,0,0,0,0,0,0,0,0,0,0,0,0,0,0,0,0,0,0,0,0,0,0,0,0,0,0,0,0,0,0,0,0,0,0,0,0,0,0,0,0,0,0,0,0,0,0,0,0,0,0,0,0,0,0,0,0,0,0
Quetzaltenango,2001,,2,1,1,0,0,0,0,0,1,0,0,0,1,0,0,0,0,0,0,0,0,0,0,0,0,0,0,0,0,0,0,0,0,0,0,0,0,0,0,0,0,0,0,0,0,0,1,0,0,0,0,0,0,0,1,0,0,0,0,0,0,0,0,0,0,0,0,0,0,0,0,0,0,0,0,0,0,0,0,0,0,0,0,0,0,0,0,0,0,0,0,0,0,0,0,0,0,0,0,0,0,0,0,0,0,0,0,0,0,0,0,0,0,0,0,0,0
Quiché,2001,,1,0,1,0,0,0,0,0,0,0,0,1,0,0,0,0,0,0,0,0,0,0,0,0,0,0,0,0,0,0,0,0,0,0,0,0,0,1,0,0,0,0,0,0,0,0,0,0,0,0,0,0,0,0,0,0,0,0,0,0,0,0,0,0,0,0,0,0,0,0,0,0,0,0,0,0,0,0,0,0,0,0,0,0,0,0,0,0,0,0,0,0,0,0,0,0,0,0,0,0,0,0,0,0,0,0,0,0,0,0,0,0,0,0,0,0,0
Sacatepéquez,2001,,2,0,2,0,0,0,0,0,0,0,0,0,0,2,0,0,0,0,0,0,0,0,0,0,0,0,0,0,0,0,0,0,0,0,0,0,0,0,0,0,0,0,0,0,0,0,0,0,0,2,0,0,0,0,0,0,0,0,0,0,0,0,0,0,0,0,0,0,0,0,0,0,0,0,0,0,0,0,0,0,0,0,0,0,0,0,0,0,0,0,0,0,0,0,0,0,0,0,0,0,0,0,0,0,0,0,0,0,0,0,0,0,0,0,0,0,0
Suchitepéquez,2001,,1,0,1,0,0,0,0,0,0,0,0,0,1,0,0,0,0,0,0,0,0,0,0,0,0,0,0,0,0,0,0,0,0,0,0,0,1,0,0,0,0,0,0,0,0,0,0,0,0,0,0,0,0,0,0,0,0,0,0,0,0,0,0,0,0,0,0,0,0,0,0,0,0,0,0,0,0,0,0,0,0,0,0,0,0,0,0,0,0,0,0,0,0,0,0,0,0,0,0,0,0,0,0,0,0,0,0,0,0,0,0,0,0,0,0,0,0
Zacapa,2001,,1,0,1,0,0,0,0,0,0,0,0,0,0,1,0,0,0,0,0,0,0,0,0,0,0,0,0,0,0,0,0,0,0,0,0,0,0,0,0,0,0,0,0,0,0,0,0,0,0,0,1,0,0,0,0,0,0,0,0,0,0,0,0,0,0,0,0,0,0,0,0,0,0,0,0,0,0,0,0,0,0,0,0,0,0,0,0,0,0,0,0,0,0,0,0,0,0,0,0,0,0,0,0,0,0,0,0,0,0,0,0,0,0,0,0,0,0
Alta Verapaz,2002,,2,0,2,0,0,0,0,1,0,0,0,0,0,0,0,0,1,0,0,0,0,0,0,0,0,0,0,0,0,0,0,0,0,0,0,0,0,0,0,0,0,0,1,0,0,0,0,1,0,0,0,0,0,0,0,0,0,0,0,0,0,0,0,0,0,0,0,0,0,0,0,0,0,0,0,0,0,0,0,0,0,0,0,0,0,0,0,0,0,0,0,0,0,0,0,0,0,0,0,0,0,0,0,0,0,0,0,0,0,0,0,0,0,0,0,0,0
Baja Verapaz,2002,,1,0,1,0,0,0,0,0,0,0,0,0,1,0,0,0,0,0,0,0,0,0,0,0,0,0,0,0,0,0,0,0,0,0,0,0,0,0,0,0,0,0,0,0,0,0,0,0,0,0,0,0,0,0,0,0,0,0,0,0,0,0,0,0,0,0,0,1,0,0,0,0,0,0,0,0,0,0,0,0,0,0,0,0,0,0,0,0,0,0,0,0,0,0,0,0,0,0,0,0,0,0,0,0,0,0,0,0,0,0,0,0,0,0,0,0,0
Chiquimula,2002,,1,0,1,0,0,0,0,0,0,0,0,0,1,0,0,0,0,0,0,0,0,0,0,0,0,0,0,0,0,0,0,0,0,0,0,0,0,0,0,0,0,0,0,0,0,0,0,0,0,0,0,0,0,0,0,0,0,0,0,0,0,0,0,0,0,0,0,0,0,0,0,0,0,0,0,0,0,0,0,0,0,0,0,0,0,0,0,0,0,0,0,0,0,0,0,0,0,0,0,0,0,0,0,0,0,0,0,0,0,0,0,0,0,0,0,0,1
Guatemala,2002,,3,0,3,0,0,0,0,0,0,0,0,2,0,0,0,1,0,0,0,0,0,0,0,0,0,0,0,0,0,0,0,0,0,0,0,0,0,0,0,0,0,0,1,0,0,0,0,0,0,0,0,1,0,0,0,0,0,0,0,0,0,0,0,0,0,0,0,0,0,0,0,0,0,0,0,0,0,1,0,0,0,0,0,0,0,0,0,0,0,0,0,0,0,0,0,0,0,0,0,0,0,0,0,0,0,0,0,0,0,0,0,0,0,0,0,0,0
Alta Verapaz,2003,,3,0,3,0,0,2,0,0,0,0,0,0,1,0,0,0,0,0,0,0,0,0,0,0,0,0,0,0,0,0,0,0,0,0,0,0,0,0,0,0,0,1,0,0,0,0,0,0,0,1,1,0,0,0,0,0,0,0,0,0,0,0,0,0,0,0,0,0,0,0,0,0,0,0,0,0,0,0,0,0,0,0,0,0,0,0,0,0,0,0,0,0,0,0,0,0,0,0,0,0,0,0,0,0,0,0,0,0,0,0,0,0,0,0,0,0,0
Baja Verapaz,2003,,1,0,1,0,0,0,0,0,0,0,0,0,0,1,0,0,0,0,0,0,0,0,0,0,0,0,0,0,0,0,0,0,0,0,0,0,0,0,0,0,0,0,0,0,0,0,0,0,0,0,1,0,0,0,0,0,0,0,0,0,0,0,0,0,0,0,0,0,0,0,0,0,0,0,0,0,0,0,0,0,0,0,0,0,0,0,0,0,0,0,0,0,0,0,0,0,0,0,0,0,0,0,0,0,0,0,0,0,0,0,0,0,0,0,0,0,0
Guatemala,2003,,2,0,2,0,0,0,0,0,0,0,0,1,0,1,0,0,0,0,0,0,0,0,0,0,0,0,0,0,0,0,0,0,0,0,0,0,0,0,0,0,0,0,0,0,0,0,1,0,0,0,0,0,0,0,0,0,0,0,0,1,0,0,0,0,0,0,0,0,0,0,0,0,0,0,0,0,0,0,0,0,0,0,0,0,0,0,0,0,0,0,0,0,0,0,0,0,0,0,0,0,0,0,0,0,0,0,0,0,0,0,0,0,0,0,0,0,0
Huehuetenango,2003,,1,0,1,0,0,0,1,0,0,0,0,0,0,0,0,0,0,0,0,0,0,0,0,0,0,0,0,0,0,0,0,0,0,0,0,0,0,0,0,0,0,0,0,0,0,1,0,0,0,0,0,0,0,0,0,0,0,0,0,0,0,0,0,0,0,0,0,0,0,0,0,0,0,0,0,0,0,0,0,0,0,0,0,0,0,0,0,0,0,0,0,0,0,0,0,0,0,0,0,0,0,0,0,0,0,0,0,0,0,0,0,0,0,0,0,0,0
Quetzaltenango,2003,,1,0,1,0,0,0,0,0,0,0,0,0,1,0,0,0,0,0,0,0,0,0,0,0,0,0,0,0,0,0,0,0,0,0,0,0,0,0,0,0,0,0,0,0,0,0,0,0,0,0,0,0,0,0,0,0,1,0,0,0,0,0,0,0,0,0,0,0,0,0,0,0,0,0,0,0,0,0,0,0,0,0,0,0,0,0,0,0,0,0,0,0,0,0,0,0,0,0,0,0,0,0,0,0,0,0,0,0,0,0,0,0,0,0,0,0,0
Baja Verapaz,2004,,1,0,1,0,0,1,0,0,0,0,0,0,0,0,0,0,0,0,0,0,0,0,0,0,0,0,0,0,0,0,0,0,0,0,0,0,0,0,0,0,0,0,1,0,0,0,0,0,0,0,0,0,0,0,0,0,0,0,0,0,0,0,0,0,0,0,0,0,0,0,0,0,0,0,0,0,0,0,0,0,0,0,0,0,0,0,0,0,0,0,0,0,0,0,0,0,0,0,0,0,0,0,0,0,0,0,0,0,0,0,0,0,0,0,0,0,0
Guatemala,2004,,8,1,7,1,0,2,0,0,0,0,0,3,2,0,0,0,0,0,0,0,0,0,0,0,0,0,0,0,0,0,0,0,0,0,0,0,0,0,1,0,0,0,0,0,0,0,1,1,0,0,0,0,1,0,0,1,0,0,0,0,0,1,0,1,0,0,0,0,0,0,0,0,1,0,0,0,0,0,0,0,0,0,0,0,0,0,0,0,0,0,0,0,0,0,0,0,0,0,0,0,0,0,0,0,0,0,0,0,0,0,0,0,0,0,0,0,0
Quetzaltenango,2004,,1,0,1,0,0,1,0,0,0,0,0,0,0,0,0,0,0,0,0,0,0,0,0,0,0,0,0,0,0,0,0,0,0,0,0,0,0,1,0,0,0,0,0,0,0,0,0,0,0,0,0,0,0,0,0,0,0,0,0,0,0,0,0,0,0,0,0,0,0,0,0,0,0,0,0,0,0,0,0,0,0,0,0,0,0,0,0,0,0,0,0,0,0,0,0,0,0,0,0,0,0,0,0,0,0,0,0,0,0,0,0,0,0,0,0,0,0
San Marcos,2004,,1,0,1,0,0,0,0,0,0,0,0,0,1,0,0,0,0,0,0,0,0,0,0,0,0,0,0,0,0,0,0,0,0,0,0,1,0,0,0,0,0,0,0,0,0,0,0,0,0,0,0,0,0,0,0,0,0,0,0,0,0,0,0,0,0,0,0,0,0,0,0,0,0,0,0,0,0,0,0,0,0,0,0,0,0,0,0,0,0,0,0,0,0,0,0,0,0,0,0,0,0,0,0,0,0,0,0,0,0,0,0,0,0,0,0,0,0
Santa Rosa,2004,,1,0,1,0,0,1,0,0,0,0,0,0,0,0,0,0,0,0,0,0,0,0,0,0,0,0,0,0,0,0,0,0,0,0,0,0,0,0,0,0,0,0,0,0,0,0,0,0,0,0,0,0,1,0,0,0,0,0,0,0,0,0,0,0,0,0,0,0,0,0,0,0,0,0,0,0,0,0,0,0,0,0,0,0,0,0,0,0,0,0,0,0,0,0,0,0,0,0,0,0,0,0,0,0,0,0,0,0,0,0,0,0,0,0,0,0,0
Sololá,2004,,1,0,1,0,0,1,0,0,0,0,0,0,0,0,0,0,0,0,0,0,0,0,0,0,0,0,0,0,0,0,0,0,0,0,0,0,0,0,0,0,0,0,0,0,0,0,0,0,0,0,0,0,0,0,1,0,0,0,0,0,0,0,0,0,0,0,0,0,0,0,0,0,0,0,0,0,0,0,0,0,0,0,0,0,0,0,0,0,0,0,0,0,0,0,0,0,0,0,0,0,0,0,0,0,0,0,0,0,0,0,0,0,0,0,0,0,0
Suchitepéquez,2004,,1,0,1,0,0,0,0,0,0,0,0,0,1,0,0,0,0,0,0,0,0,0,0,0,0,0,0,0,0,0,0,0,0,0,0,0,0,0,0,0,0,0,0,0,0,0,0,0,1,0,0,0,0,0,0,0,0,0,0,0,0,0,0,0,0,0,0,0,0,0,0,0,0,0,0,0,0,0,0,0,0,0,0,0,0,0,0,0,0,0,0,0,0,0,0,0,0,0,0,0,0,0,0,0,0,0,0,0,0,0,0,0,0,0,0,0,0
Baja Verapaz,2005,,1,0,1,0,0,1,0,0,0,0,0,0,0,0,0,0,0,0,0,0,0,0,0,0,0,0,0,0,0,0,0,0,0,0,0,0,0,0,0,0,0,0,0,0,0,0,0,0,0,0,0,0,0,0,0,1,0,0,0,0,0,0,0,0,0,0,0,0,0,0,0,0,0,0,0,0,0,0,0,0,0,0,0,0,0,0,0,0,0,0,0,0,0,0,0,0,0,0,0,0,0,0,0,0,0,0,0,0,0,0,0,0,0,0,0,0,0
Chimaltenango,2005,,1,0,1,0,0,0,0,0,0,0,0,0,0,0,0,1,0,0,0,0,0,0,0,0,0,0,0,0,0,0,0,0,0,0,0,0,0,0,0,0,0,0,0,0,0,0,0,0,0,0,0,0,0,0,0,0,0,0,0,0,1,0,0,0,0,0,0,0,0,0,0,0,0,0,0,0,0,0,0,0,0,0,0,0,0,0,0,0,0,0,0,0,0,0,0,0,0,0,0,0,0,0,0,0,0,0,0,0,0,0,0,0,0,0,0,0,0
Guatemala,2005,,8,0,8,0,0,0,0,0,0,0,0,1,1,5,1,0,0,0,0,0,0,0,0,0,0,0,0,0,0,0,0,0,0,0,0,0,1,1,0,0,0,0,0,0,0,1,0,1,0,0,1,0,0,0,0,1,1,1,0,0,0,0,0,0,0,0,0,0,0,0,0,0,0,0,0,0,0,0,0,0,0,0,0,0,0,0,0,0,0,0,0,0,0,0,0,0,0,0,0,0,0,0,0,0,0,0,0,0,0,0,0,0,0,0,0,0,0
Santa Rosa,2005,,1,0,1,0,0,1,0,0,0,0,0,0,0,0,0,0,0,0,0,0,0,0,0,0,0,0,0,0,0,0,0,0,0,0,0,0,0,0,0,0,0,0,0,0,0,0,1,0,0,0,0,0,0,0,0,0,0,0,0,0,0,0,0,0,0,0,0,0,0,0,0,0,0,0,0,0,0,0,0,0,0,0,0,0,0,0,0,0,0,0,0,0,0,0,0,0,0,0,0,0,0,0,0,0,0,0,0,0,0,0,0,0,0,0,0,0,0
Chimaltenango,2006,,1,0,1,1,0,0,0,0,0,0,0,0,0,0,0,0,0,0,0,0,0,0,0,0,0,0,0,0,0,0,0,0,0,0,0,0,1,0,0,0,0,0,0,0,0,0,0,0,0,0,0,0,0,0,0,0,0,0,0,0,0,0,0,0,0,0,0,0,0,0,0,0,0,0,0,0,0,0,0,0,0,0,0,0,0,0,0,0,0,0,0,0,0,0,0,0,0,0,0,0,0,0,0,0,0,0,0,0,0,0,0,0,0,0,0,0,0
Escuintla,2006,,2,0,2,0,0,0,1,0,0,0,0,0,0,0,0,0,1,0,0,0,0,0,0,0,0,0,0,0,0,0,0,1,0,0,0,0,0,0,0,0,0,0,0,0,0,0,0,1,0,0,0,0,0,0,0,0,0,0,0,0,0,0,0,0,0,0,0,0,0,0,0,0,0,0,0,0,0,0,0,0,0,0,0,0,0,0,0,0,0,0,0,0,0,0,0,0,0,0,0,0,0,0,0,0,0,0,0,0,0,0,0,0,0,0,0,0,0
Guatemala,2006,,12,0,12,0,0,0,0,0,0,0,0,4,4,3,0,0,1,0,0,0,0,0,0,0,0,0,0,0,0,0,0,0,0,0,0,0,0,0,0,0,1,0,0,0,0,1,0,0,2,2,0,1,2,1,0,0,0,0,0,0,1,0,0,0,0,0,0,0,0,1,0,0,0,0,0,0,0,0,0,0,0,0,0,0,0,0,0,0,0,0,0,0,0,0,0,0,0,0,0,0,0,0,0,0,0,0,0,0,0,0,0,0,0,0,0,0,0
Petén,2006,,1,0,1,1,0,0,0,0,0,0,0,0,0,0,0,0,0,0,0,0,0,0,0,0,0,0,0,0,0,0,0,0,0,0,0,0,0,0,0,0,0,0,0,0,0,0,1,0,0,0,0,0,0,0,0,0,0,0,0,0,0,0,0,0,0,0,0,0,0,0,0,0,0,0,0,0,0,0,0,0,0,0,0,0,0,0,0,0,0,0,0,0,0,0,0,0,0,0,0,0,0,0,0,0,0,0,0,0,0,0,0,0,0,0,0,0,0
Quiché,2006,,1,0,1,0,0,0,1,0,0,0,0,0,0,0,0,0,0,0,0,0,0,0,0,0,0,0,0,0,0,0,0,0,0,0,0,0,0,0,0,0,0,0,0,0,0,0,0,0,1,0,0,0,0,0,0,0,0,0,0,0,0,0,0,0,0,0,0,0,0,0,0,0,0,0,0,0,0,0,0,0,0,0,0,0,0,0,0,0,0,0,0,0,0,0,0,0,0,0,0,0,0,0,0,0,0,0,0,0,0,0,0,0,0,0,0,0,0
Sacatepéquez,2006,,2,0,2,0,0,1,0,0,0,0,0,0,1,0,0,0,0,0,0,0,0,0,0,0,0,0,0,0,0,0,0,0,0,0,0,0,0,0,0,0,0,0,0,0,0,0,0,0,0,0,1,0,0,0,0,0,0,0,0,0,0,0,0,0,0,0,0,0,0,0,0,0,0,0,0,0,0,0,0,0,0,0,0,0,0,0,0,0,1,0,0,0,0,0,0,0,0,0,0,0,0,0,0,0,0,0,0,0,0,0,0,0,0,0,0,0,0
Chimaltenango,2007,,1,0,1,0,0,0,0,0,0,0,0,0,0,1,0,0,0,0,0,0,0,0,0,0,0,0,0,0,0,0,0,0,0,0,0,0,0,0,0,0,0,0,0,0,0,0,0,0,0,0,0,0,0,0,0,0,1,0,0,0,0,0,0,0,0,0,0,0,0,0,0,0,0,0,0,0,0,0,0,0,0,0,0,0,0,0,0,0,0,0,0,0,0,0,0,0,0,0,0,0,0,0,0,0,0,0,0,0,0,0,0,0,0,0,0,0,0
Escuintla,2007,,1,0,1,0,0,0,0,0,0,0,0,0,0,1,0,0,0,0,0,0,0,0,0,0,0,0,0,0,0,0,0,0,0,0,0,0,0,0,0,0,0,0,0,0,0,0,1,0,0,0,0,0,0,0,0,0,0,0,0,0,0,0,0,0,0,0,0,0,0,0,0,0,0,0,0,0,0,0,0,0,0,0,0,0,0,0,0,0,0,0,0,0,0,0,0,0,0,0,0,0,0,0,0,0,0,0,0,0,0,0,0,0,0,0,0,0,0
Guatemala,2007,,4,0,4,0,0,0,0,0,0,0,0,2,0,2,0,0,0,0,0,0,0,0,0,0,0,0,0,0,0,0,0,0,0,0,0,0,0,0,0,0,0,0,0,0,0,1,0,0,0,0,0,0,1,1,0,0,0,0,0,0,0,0,0,0,0,0,1,0,0,0,0,0,0,0,0,0,0,0,0,0,0,0,0,0,0,0,0,0,0,0,0,0,0,0,0,0,0,0,0,0,0,0,0,0,0,0,0,0,0,0,0,0,0,0,0,0,0
Quetzaltenango,2007,,2,0,2,0,0,0,1,0,0,0,0,0,1,0,0,0,0,0,0,0,0,0,0,0,0,0,0,0,0,0,0,0,0,0,0,0,0,0,0,0,0,0,0,0,0,0,0,1,1,0,0,0,0,0,0,0,0,0,0,0,0,0,0,0,0,0,0,0,0,0,0,0,0,0,0,0,0,0,0,0,0,0,0,0,0,0,0,0,0,0,0,0,0,0,0,0,0,0,0,0,0,0,0,0,0,0,0,0,0,0,0,0,0,0,0,0,0
Baja Verapaz,2008,,1,0,1,0,0,0,1,0,0,0,0,0,0,0,0,0,0,0,0,0,0,0,0,0,0,0,0,0,0,0,0,0,0,0,0,0,0,0,0,0,0,0,0,0,0,0,0,0,0,0,0,0,0,0,0,0,0,0,0,0,1,0,0,0,0,0,0,0,0,0,0,0,0,0,0,0,0,0,0,0,0,0,0,0,0,0,0,0,0,0,0,0,0,0,0,0,0,0,0,0,0,0,0,0,0,0,0,0,0,0,0,0,0,0,0,0,0
Guatemala,2008,,18,1,17,0,1,1,1,0,0,0,0,8,2,5,0,0,0,0,0,0,0,0,0,0,0,0,0,0,0,0,0,0,0,0,0,0,0,0,0,0,0,0,1,0,0,2,0,1,2,2,1,0,2,0,2,0,0,0,1,0,0,0,0,2,1,1,0,0,0,0,0,0,0,0,0,0,0,0,0,0,0,0,0,0,0,0,0,0,0,0,0,0,0,0,0,0,0,0,0,0,0,0,0,0,0,0,0,0,0,0,0,0,0,0,0,0,0
Jutiapa,2008,,2,0,2,0,0,1,0,0,0,0,0,0,1,0,0,0,0,0,0,0,0,0,0,0,0,0,0,0,0,0,0,0,0,0,0,0,1,0,0,0,0,0,1,0,0,0,0,0,0,0,0,0,0,0,0,0,0,0,0,0,0,0,0,0,0,0,0,0,0,0,0,0,0,0,0,0,0,0,0,0,0,0,0,0,0,0,0,0,0,0,0,0,0,0,0,0,0,0,0,0,0,0,0,0,0,0,0,0,0,0,0,0,0,0,0,0,0
Petén,2008,,2,1,1,0,0,0,0,0,0,0,0,0,0,0,1,0,1,0,0,0,0,0,0,0,0,0,1,0,0,0,0,0,0,0,0,0,1,0,0,0,0,0,0,0,0,0,0,0,0,0,0,0,0,0,0,0,0,0,0,0,0,0,0,0,0,0,0,0,0,0,0,0,0,0,0,0,0,0,0,0,0,0,0,0,0,0,0,0,0,0,0,0,0,0,0,0,0,0,0,0,0,0,0,0,0,0,0,0,0,0,0,0,0,0,0,0,0
Alta Verapaz,2009,,1,1,0,0,0,0,0,0,0,0,0,0,1,0,0,0,0,0,0,0,0,0,0,0,0,0,0,0,0,0,0,0,0,0,0,0,0,0,0,0,0,0,0,0,0,0,0,0,0,0,0,0,0,1,0,0,0,0,0,0,0,0,0,0,0,0,0,0,0,0,0,0,0,0,0,0,0,0,0,0,0,0,0,0,0,0,0,0,0,0,0,0,0,0,0,0,0,0,0,0,0,0,0,0,0,0,0,0,0,0,0,0,0,0,0,0,0
Baja Verapaz,2009,,1,0,1,0,0,1,0,0,0,0,0,0,0,0,0,0,0,0,0,0,0,0,0,0,0,0,0,0,0,0,0,0,0,0,0,0,0,0,0,0,0,0,0,0,0,0,0,0,0,0,0,0,0,0,0,0,0,0,1,0,0,0,0,0,0,0,0,0,0,0,0,0,0,0,0,0,0,0,0,0,0,0,0,0,0,0,0,0,0,0,0,0,0,0,0,0,0,0,0,0,0,0,0,0,0,0,0,0,0,0,0,0,0,0,0,0,0
Chimaltenango,2009,,1,0,1,0,0,1,0,0,0,0,0,0,0,0,0,0,0,0,0,0,0,0,0,0,0,0,0,0,0,0,0,0,0,0,0,0,0,0,0,0,0,0,0,0,0,0,0,1,0,0,0,0,0,0,0,0,0,0,0,0,0,0,0,0,0,0,0,0,0,0,0,0,0,0,0,0,0,0,0,0,0,0,0,0,0,0,0,0,0,0,0,0,0,0,0,0,0,0,0,0,0,0,0,0,0,0,0,0,0,0,0,0,0,0,0,0,0
Guatemala,2009,,23,0,23,1,0,2,0,0,0,0,0,12,1,7,0,0,0,0,0,0,0,0,0,0,0,0,0,0,0,0,0,0,0,0,0,0,0,0,0,0,1,0,1,2,2,0,1,0,1,2,1,1,1,1,0,0,0,2,0,1,1,0,0,1,1,1,0,0,0,0,1,0,0,0,1,0,0,0,0,0,0,0,0,0,0,0,0,0,0,0,0,0,0,0,0,0,0,0,0,0,0,0,0,0,0,0,0,0,0,0,0,0,0,0,0,0,0
Jalapa,2009,,1,1,0,0,0,0,0,0,0,0,0,0,1,0,0,0,0,0,0,0,0,0,0,0,0,0,0,0,0,0,0,0,0,0,0,0,0,0,0,0,0,0,0,0,0,0,0,0,0,0,0,0,0,0,0,0,0,0,0,0,0,1,0,0,0,0,0,0,0,0,0,0,0,0,0,0,0,0,0,0,0,0,0,0,0,0,0,0,0,0,0,0,0,0,0,0,0,0,0,0,0,0,0,0,0,0,0,0,0,0,0,0,0,0,0,0,0
Jutiapa,2009,,1,0,1,0,0,0,0,0,0,0,0,0,1,0,0,0,0,0,0,0,0,0,0,0,0,0,0,0,0,0,0,0,0,0,0,0,0,0,0,0,0,0,0,0,0,0,0,0,0,0,0,0,0,0,0,0,0,0,0,0,0,0,0,1,0,0,0,0,0,0,0,0,0,0,0,0,0,0,0,0,0,0,0,0,0,0,0,0,0,0,0,0,0,0,0,0,0,0,0,0,0,0,0,0,0,0,0,0,0,0,0,0,0,0,0,0,0
Quetzaltenango,2009,,1,0,1,0,0,1,0,0,0,0,0,0,0,0,0,0,0,0,0,0,0,0,0,0,0,0,0,0,0,0,0,0,0,0,0,0,0,1,0,0,0,0,0,0,0,0,0,0,0,0,0,0,0,0,0,0,0,0,0,0,0,0,0,0,0,0,0,0,0,0,0,0,0,0,0,0,0,0,0,0,0,0,0,0,0,0,0,0,0,0,0,0,0,0,0,0,0,0,0,0,0,0,0,0,0,0,0,0,0,0,0,0,0,0,0,0,0
Retalhuleu,2009,,2,0,2,0,0,0,0,1,0,0,0,0,1,0,0,0,0,0,0,0,0,0,0,0,0,0,0,0,0,0,0,0,0,0,0,1,0,0,0,1,0,0,0,0,0,0,0,0,0,0,0,0,0,0,0,0,0,0,0,0,0,0,0,0,0,0,0,0,0,0,0,0,0,0,0,0,0,0,0,0,0,0,0,0,0,0,0,0,0,0,0,0,0,0,0,0,0,0,0,0,0,0,0,0,0,0,0,0,0,0,0,0,0,0,0,0,0
Santa Rosa,2009,,1,0,1,0,0,0,0,0,0,0,0,0,1,0,0,0,0,0,0,0,0,0,0,0,0,0,0,0,0,0,0,0,0,0,0,0,0,0,0,0,0,0,0,0,0,0,1,0,0,0,0,0,0,0,0,0,0,0,0,0,0,0,0,0,0,0,0,0,0,0,0,0,0,0,0,0,0,0,0,0,0,0,0,0,0,0,0,0,0,0,0,0,0,0,0,0,0,0,0,0,0,0,0,0,0,0,0,0,0,0,0,0,0,0,0,0,0
Suchitepéquez,2009,,3,0,3,0,0,0,0,0,0,0,0,0,3,0,0,0,0,0,0,0,0,0,0,0,0,0,0,0,0,0,0,0,0,0,0,0,0,0,0,0,0,0,0,0,1,2,0,0,0,0,0,0,0,0,0,0,0,0,0,0,0,0,0,0,0,0,0,0,0,0,0,0,0,0,0,0,0,0,0,0,0,0,0,0,0,0,0,0,0,0,0,0,0,0,0,0,0,0,0,0,0,0,0,0,0,0,0,0,0,0,0,0,0,0,0,0,0
Alta Verapaz,2010,,1,0,1,0,0,1,0,0,0,0,0,0,0,0,0,0,0,0,0,0,0,0,0,0,0,0,0,0,0,0,0,0,0,0,0,0,0,0,0,0,0,0,0,0,0,0,0,0,0,0,0,0,0,0,1,0,0,0,0,0,0,0,0,0,0,0,0,0,0,0,0,0,0,0,0,0,0,0,0,0,0,0,0,0,0,0,0,0,0,0,0,0,0,0,0,0,0,0,0,0,0,0,0,0,0,0,0,0,0,0,0,0,0,0,0,0,0
Baja Verapaz,2010,,1,0,1,0,0,0,0,0,0,0,0,0,1,0,0,0,0,0,0,0,0,0,0,0,0,0,0,0,0,0,0,0,0,0,0,0,0,0,0,0,0,1,0,0,0,0,0,0,0,0,0,0,0,0,0,0,0,0,0,0,0,0,0,0,0,0,0,0,0,0,0,0,0,0,0,0,0,0,0,0,0,0,0,0,0,0,0,0,0,0,0,0,0,0,0,0,0,0,0,0,0,0,0,0,0,0,0,0,0,0,0,0,0,0,0,0,0
Chimaltenango,2010,,2,0,2,0,0,1,0,0,0,0,0,0,1,0,0,0,0,0,0,0,0,0,0,0,0,0,0,0,0,0,0,0,0,0,0,0,0,0,0,0,0,0,0,0,0,0,0,1,0,0,0,0,0,0,0,0,0,0,0,0,0,0,0,0,0,0,0,0,0,0,0,0,0,0,0,0,0,0,0,0,0,0,1,0,0,0,0,0,0,0,0,0,0,0,0,0,0,0,0,0,0,0,0,0,0,0,0,0,0,0,0,0,0,0,0,0,0
El Progreso,2010,,5,0,5,0,0,1,0,0,0,0,0,0,3,1,0,0,0,0,0,0,0,0,0,0,0,0,0,0,0,0,0,0,0,0,0,0,0,0,0,0,0,0,0,0,1,0,0,1,0,1,0,0,0,0,0,0,0,0,0,0,0,0,0,0,0,0,0,1,0,0,0,0,1,0,0,0,0,0,0,0,0,0,0,0,0,0,0,0,0,0,0,0,0,0,0,0,0,0,0,0,0,0,0,0,0,0,0,0,0,0,0,0,0,0,0,0,0
Escuintla,2010,,1,0,1,1,0,0,0,0,0,0,0,0,0,0,0,0,0,0,0,0,0,0,0,0,0,0,0,0,1,0,0,0,0,0,0,0,0,0,0,0,0,0,0,0,0,0,0,0,0,0,0,0,0,0,0,0,0,0,0,0,0,0,0,0,0,0,0,0,0,0,0,0,0,0,0,0,0,0,0,0,0,0,0,0,0,0,0,0,0,0,0,0,0,0,0,0,0,0,0,0,0,0,0,0,0,0,0,0,0,0,0,0,0,0,0,0,0
Guatemala,2010,,43,3,40,2,0,9,1,0,0,0,0,14,8,8,1,0,0,0,0,0,0,0,0,0,0,0,0,0,0,0,0,0,0,0,0,1,0,1,1,0,2,0,4,2,1,0,0,1,2,3,3,0,2,3,3,3,0,0,0,1,1,1,0,1,1,0,0,1,0,0,0,0,0,0,0,0,1,2,0,0,0,0,0,0,0,0,0,1,0,0,0,0,0,0,0,0,0,0,0,0,0,0,0,0,0,0,0,0,0,0,0,0,0,0,0,0,1
Huehuetenango,2010,,1,0,1,0,0,1,0,0,0,0,0,0,0,0,0,0,0,0,0,0,0,0,0,0,0,0,0,0,0,0,0,0,0,0,0,0,0,0,0,0,0,0,0,0,0,0,0,0,0,0,1,0,0,0,0,0,0,0,0,0,0,0,0,0,0,0,0,0,0,0,0,0,0,0,0,0,0,0,0,0,0,0,0,0,0,0,0,0,0,0,0,0,0,0,0,0,0,0,0,0,0,0,0,0,0,0,0,0,0,0,0,0,0,0,0,0,0
Jalapa,2010,,2,1,1,0,0,0,0,0,0,0,0,0,2,0,0,0,0,0,0,0,0,0,0,0,0,0,0,0,0,0,0,0,0,0,0,0,0,0,0,0,0,0,0,0,0,0,0,0,0,0,0,0,0,0,0,0,0,0,0,0,1,0,0,0,1,0,0,0,0,0,0,0,0,0,0,0,0,0,0,0,0,0,0,0,0,0,0,0,0,0,0,0,0,0,0,0,0,0,0,0,0,0,0,0,0,0,0,0,0,0,0,0,0,0,0,0,0
Petén,2010,,2,0,2,0,0,0,0,0,0,0,0,2,0,0,0,0,0,0,0,0,0,0,0,0,0,0,0,0,0,0,0,0,0,0,0,0,0,0,0,0,0,0,0,0,0,0,0,0,0,0,0,0,0,0,0,0,1,0,0,0,0,1,0,0,0,0,0,0,0,0,0,0,0,0,0,0,0,0,0,0,0,0,0,0,0,0,0,0,0,0,0,0,0,0,0,0,0,0,0,0,0,0,0,0,0,0,0,0,0,0,0,0,0,0,0,0,0
Quetzaltenango,2010,,7,0,7,3,0,2,0,0,0,0,0,0,0,2,0,0,0,0,0,0,0,0,0,0,0,0,0,0,0,0,0,0,0,0,0,0,1,0,1,1,1,0,0,0,0,0,0,0,0,0,0,0,0,1,0,1,0,0,0,0,0,0,0,0,0,0,0,0,0,0,0,0,0,0,0,0,0,0,0,0,0,0,0,0,1,0,0,0,0,0,0,0,0,0,0,0,0,0,0,0,0,0,0,0,0,0,0,0,0,0,0,0,0,0,0,0,0
Retalhuleu,2010,,1,0,1,0,0,0,0,0,0,0,0,0,0,0,0,0,1,0,0,0,0,0,0,0,0,0,0,0,0,0,1,0,0,0,0,0,0,0,0,0,0,0,0,0,0,0,0,0,0,0,0,0,0,0,0,0,0,0,0,0,0,0,0,0,0,0,0,0,0,0,0,0,0,0,0,0,0,0,0,0,0,0,0,0,0,0,0,0,0,0,0,0,0,0,0,0,0,0,0,0,0,0,0,0,0,0,0,0,0,0,0,0,0,0,0,0,0
Sacatepéquez,2010,,4,2,2,1,0,1,0,0,0,0,0,0,2,0,0,0,0,0,0,0,0,0,0,0,0,0,0,0,0,0,0,0,0,0,0,0,0,0,0,0,0,1,0,0,0,0,0,0,0,0,1,1,0,0,1,0,0,0,0,0,0,0,0,0,0,0,0,0,0,0,0,0,0,0,0,0,0,0,0,0,0,0,0,0,0,0,0,0,0,0,0,0,0,0,0,0,0,0,0,0,0,0,0,0,0,0,0,0,0,0,0,0,0,0,0,0,0
San Marcos,2010,,3,0,3,1,0,0,1,0,0,0,0,0,1,0,0,0,0,0,0,0,0,0,0,0,0,0,0,0,0,0,0,0,0,0,0,1,0,0,0,0,0,0,0,0,0,0,1,0,0,0,0,1,0,0,0,0,0,0,0,0,0,0,0,0,0,0,0,0,0,0,0,0,0,0,0,0,0,0,0,0,0,0,0,0,0,0,0,0,0,0,0,0,0,0,0,0,0,0,0,0,0,0,0,0,0,0,0,0,0,0,0,0,0,0,0,0,0
Santa Rosa,2010,,2,0,2,0,0,0,0,0,0,0,0,0,2,0,0,0,0,0,0,0,0,0,0,0,0,0,0,0,0,0,0,0,0,0,0,0,0,0,0,0,0,0,0,0,0,0,0,0,0,0,0,0,0,0,0,0,0,0,0,0,0,0,1,0,0,0,0,1,0,0,0,0,0,0,0,0,0,0,0,0,0,0,0,0,0,0,0,0,0,0,0,0,0,0,0,0,0,0,0,0,0,0,0,0,0,0,0,0,0,0,0,0,0,0,0,0,0
Suchitepéquez,2010,,1,0,1,1,0,0,0,0,0,0,0,0,0,0,0,0,0,0,0,0,0,0,0,0,0,0,0,0,0,0,0,0,0,0,0,0,1,0,0,0,0,0,0,0,0,0,0,0,0,0,0,0,0,0,0,0,0,0,0,0,0,0,0,0,0,0,0,0,0,0,0,0,0,0,0,0,0,0,0,0,0,0,0,0,0,0,0,0,0,0,0,0,0,0,0,0,0,0,0,0,0,0,0,0,0,0,0,0,0,0,0,0,0,0,0,0,0
Totonicapán,2010,,1,0,1,0,0,0,0,0,0,0,0,0,0,1,0,0,0,0,0,0,0,0,0,0,0,0,0,0,0,0,0,0,0,0,0,0,0,0,0,0,0,0,0,0,0,0,0,0,0,1,0,0,0,0,0,0,0,0,0,0,0,0,0,0,0,0,0,0,0,0,0,0,0,0,0,0,0,0,0,0,0,0,0,0,0,0,0,0,0,0,0,0,0,0,0,0,0,0,0,0,0,0,0,0,0,0,0,0,0,0,0,0,0,0,0,0,0
Alta Verapaz,2011,,6,0,6,1,0,1,0,0,0,0,0,0,4,0,0,0,0,0,0,0,0,0,0,0,0,0,0,0,0,0,0,0,0,0,0,1,0,0,0,0,0,0,0,0,1,0,0,1,0,0,0,1,0,0,0,1,0,0,0,0,0,0,0,0,0,0,1,0,0,0,0,0,0,0,0,0,0,0,0,0,0,0,0,0,0,0,0,0,0,0,0,0,0,0,0,0,0,0,0,0,0,0,0,0,0,0,0,0,0,0,0,0,0,0,0,0,0
Baja Verapaz,2011,,3,0,3,0,0,1,0,0,0,0,0,0,2,0,0,0,0,0,0,0,0,0,0,0,0,0,0,0,0,0,0,0,0,0,0,0,0,0,0,0,0,0,1,0,0,1,0,0,0,0,0,0,0,0,0,1,0,0,0,0,0,0,0,0,0,0,0,0,0,0,0,0,0,0,0,0,0,0,0,0,0,0,0,0,0,0,0,0,0,0,0,0,0,0,0,0,0,0,0,0,0,0,0,0,0,0,0,0,0,0,0,0,0,0,0,0,0
Chimaltenango,2011,,1,0,1,0,0,0,0,0,0,0,0,0,0,1,0,0,0,0,0,0,0,0,0,0,0,0,0,0,0,0,0,0,0,0,0,0,1,0,0,0,0,0,0,0,0,0,0,0,0,0,0,0,0,0,0,0,0,0,0,0,0,0,0,0,0,0,0,0,0,0,0,0,0,0,0,0,0,0,0,0,0,0,0,0,0,0,0,0,0,0,0,0,0,0,0,0,0,0,0,0,0,0,0,0,0,0,0,0,0,0,0,0,0,0,0,0,0
El Progreso,2011,,1,0,1,0,0,1,0,0,0,0,0,0,0,0,0,0,0,0,0,0,0,0,0,0,0,0,0,0,0,0,0,0,0,0,0,0,0,0,0,0,0,0,0,0,0,0,0,0,0,0,0,0,0,0,0,0,0,0,0,0,0,1,0,0,0,0,0,0,0,0,0,0,0,0,0,0,0,0,0,0,0,0,0,0,0,0,0,0,0,0,0,0,0,0,0,0,0,0,0,0,0,0,0,0,0,0,0,0,0,0,0,0,0,0,0,0,0
Escuintla,2011,,1,0,1,1,0,0,0,0,0,0,0,0,0,0,0,0,0,0,0,0,0,0,0,0,0,0,0,0,0,0,0,0,0,0,0,0,0,0,0,0,0,0,0,0,0,0,1,0,0,0,0,0,0,0,0,0,0,0,0,0,0,0,0,0,0,0,0,0,0,0,0,0,0,0,0,0,0,0,0,0,0,0,0,0,0,0,0,0,0,0,0,0,0,0,0,0,0,0,0,0,0,0,0,0,0,0,0,0,0,0,0,0,0,0,0,0,0
Guatemala,2011,,46,2,44,2,0,7,1,0,1,0,1,10,10,14,0,0,0,0,0,0,0,0,0,0,0,0,0,0,0,0,0,0,0,1,1,0,1,1,0,3,4,1,2,2,3,4,0,2,2,0,0,2,1,3,2,2,1,0,0,1,1,2,0,0,0,0,0,0,0,0,1,1,0,0,0,0,0,0,0,0,0,0,0,0,0,0,0,0,0,0,0,0,0,0,0,0,1,0,0,0,0,1,0,0,0,0,0,0,0,0,0,0,0,0,0,0,0
Huehuetenango,2011,,5,0,5,1,0,1,0,1,0,0,0,1,0,0,0,0,1,0,0,0,0,0,0,0,0,0,0,0,0,0,0,0,0,0,1,0,0,0,0,0,1,0,0,0,0,0,0,0,0,1,1,0,0,0,0,0,0,0,0,0,0,0,0,0,0,0,0,0,0,0,0,1,0,0,0,0,0,0,0,0,0,0,0,0,0,0,0,0,0,0,0,0,0,0,0,0,0,0,0,0,0,0,0,0,0,0,0,0,0,0,0,0,0,0,0,0,0
Izabal,2011,,1,0,1,0,0,0,0,0,0,0,0,0,1,0,0,0,0,0,0,0,0,0,0,0,0,0,0,0,0,0,0,0,0,0,0,0,0,0,0,0,0,0,0,0,0,0,0,0,0,0,0,0,0,0,0,0,0,0,0,0,0,0,1,0,0,0,0,0,0,0,0,0,0,0,0,0,0,0,0,0,0,0,0,0,0,0,0,0,0,0,0,0,0,0,0,0,0,0,0,0,0,0,0,0,0,0,0,0,0,0,0,0,0,0,0,0,0
Jalapa,2011,,6,0,6,1,0,1,0,1,0,0,0,0,3,0,0,0,0,0,0,0,0,0,0,0,0,0,0,0,0,0,1,0,0,0,0,0,0,0,0,0,1,0,0,1,0,0,0,0,0,0,0,0,0,0,0,0,0,0,0,0,0,0,0,0,0,0,0,0,0,0,0,0,0,0,1,0,0,0,0,0,0,0,0,0,0,0,0,0,0,0,1,0,0,0,1,0,0,0,0,0,0,0,0,0,0,0,0,0,0,0,0,0,0,0,0,0,0
Jutiapa,2011,,2,0,2,0,0,1,0,0,0,0,0,0,1,0,0,0,0,0,0,0,0,0,0,0,0,0,0,0,0,0,0,0,0,0,0,0,0,0,0,0,0,0,0,0,0,0,0,0,0,0,0,0,0,0,0,1,0,0,0,0,0,0,0,0,0,0,1,0,0,0,0,0,0,0,0,0,0,0,0,0,0,0,0,0,0,0,0,0,0,0,0,0,0,0,0,0,0,0,0,0,0,0,0,0,0,0,0,0,0,0,0,0,0,0,0,0,0
Petén,2011,,1,0,1,0,0,1,0,0,0,0,0,0,0,0,0,0,0,0,0,0,0,0,0,0,0,0,0,0,0,0,0,0,0,0,0,0,0,0,0,0,1,0,0,0,0,0,0,0,0,0,0,0,0,0,0,0,0,0,0,0,0,0,0,0,0,0,0,0,0,0,0,0,0,0,0,0,0,0,0,0,0,0,0,0,0,0,0,0,0,0,0,0,0,0,0,0,0,0,0,0,0,0,0,0,0,0,0,0,0,0,0,0,0,0,0,0,0
Quetzaltenango,2011,,3,2,1,1,0,0,0,0,0,0,0,0,2,0,0,0,0,0,0,0,0,0,0,0,0,0,0,0,0,0,0,0,0,0,0,0,0,0,0,0,0,0,0,0,0,1,0,0,0,0,0,0,0,0,0,0,0,0,0,0,1,0,0,0,0,0,0,0,0,0,0,0,0,0,0,0,0,0,0,0,0,1,0,0,0,0,0,0,0,0,0,0,0,0,0,0,0,0,0,0,0,0,0,0,0,0,0,0,0,0,0,0,0,0,0,0,0
Quiché,2011,,1,0,1,0,0,0,1,0,0,0,0,0,0,0,0,0,0,0,0,0,0,0,0,0,0,0,0,0,0,0,0,0,0,0,0,0,0,1,0,0,0,0,0,0,0,0,0,0,0,0,0,0,0,0,0,0,0,0,0,0,0,0,0,0,0,0,0,0,0,0,0,0,0,0,0,0,0,0,0,0,0,0,0,0,0,0,0,0,0,0,0,0,0,0,0,0,0,0,0,0,0,0,0,0,0,0,0,0,0,0,0,0,0,0,0,0,0
Retalhuleu,2011,,1,1,0,1,0,0,0,0,0,0,0,0,0,0,0,0,0,0,0,1,0,0,0,0,0,0,0,0,0,0,0,0,0,0,0,0,0,0,0,0,0,0,0,0,0,0,0,0,0,0,0,0,0,0,0,0,0,0,0,0,0,0,0,0,0,0,0,0,0,0,0,0,0,0,0,0,0,0,0,0,0,0,0,0,0,0,0,0,0,0,0,0,0,0,0,0,0,0,0,0,0,0,0,0,0,0,0,0,0,0,0,0,0,0,0,0,0
Sacatepéquez,2011,,5,1,4,1,0,0,0,0,0,0,0,0,4,0,0,0,0,0,0,0,0,0,0,0,0,0,0,0,0,0,0,0,0,0,0,0,0,0,0,0,1,1,0,0,0,0,0,1,1,0,0,0,0,1,0,0,0,0,0,0,0,0,0,0,0,0,0,0,0,0,0,0,0,0,0,0,0,0,0,0,0,0,0,0,0,0,0,0,0,0,0,0,0,0,0,0,0,0,0,0,0,0,0,0,0,0,0,0,0,0,0,0,0,0,0,0,0
Santa Rosa,2011,,6,0,6,1,0,1,0,0,0,0,0,1,3,0,0,0,0,0,0,0,0,0,0,0,0,0,0,0,0,0,0,0,0,0,0,0,0,0,1,0,1,0,0,0,0,0,1,1,0,0,0,0,0,0,0,1,0,0,0,0,0,0,0,0,0,0,0,0,0,0,0,0,0,0,0,1,0,0,0,0,0,0,0,0,0,0,0,0,0,0,0,0,0,0,0,0,0,0,0,0,0,0,0,0,0,0,0,0,0,0,0,0,0,0,0,0,0
Alta Verapaz,2012,,43,3,40,3,2,20,0,0,0,0,0,1,14,1,0,0,2,0,0,0,0,0,0,0,0,0,0,0,0,0,1,1,0,1,0,3,1,2,2,1,1,0,0,2,3,2,2,3,1,3,3,1,3,0,1,2,1,0,0,0,1,0,0,0,0,0,0,1,0,0,1,0,0,0,0,0,0,0,0,0,0,0,0,0,0,0,0,0,0,0,0,0,0,0,0,0,0,0,0,0,0,0,0,0,0,0,0,0,0,0,0,0,0,0,0,0,0
Baja Verapaz,2012,,27,7,20,0,0,21,0,0,0,0,0,0,5,1,0,0,0,0,0,0,0,0,0,0,0,0,0,0,0,0,0,0,0,0,0,2,2,2,2,1,1,0,0,3,1,0,1,1,1,0,1,0,0,1,1,0,0,0,2,0,0,0,0,0,0,0,0,0,1,0,0,0,0,0,0,0,1,0,0,0,0,0,2,0,0,0,0,0,0,0,0,0,0,0,0,0,0,0,0,0,0,0,0,0,0,0,0,0,0,0,0,0,0,0,0,0,1
Chimaltenango,2012,,23,3,20,0,0,6,0,1,0,0,0,0,11,3,1,1,0,0,0,0,0,0,0,0,0,0,0,0,0,0,0,0,0,0,0,1,0,1,1,3,1,1,3,0,0,0,1,2,0,1,0,0,1,1,1,0,0,0,0,0,0,0,0,0,0,0,0,1,0,1,0,0,0,1,0,1,0,0,0,0,0,0,0,0,0,0,0,0,0,0,0,0,0,0,0,0,0,0,0,0,0,1,0,0,0,0,0,0,0,0,0,0,0,0,0,0,0
Chiquimula,2012,,5,0,5,1,0,1,0,1,0,0,0,0,2,0,0,0,0,0,0,0,0,0,0,0,0,0,0,0,0,0,0,0,0,0,0,0,1,0,0,1,1,0,0,0,0,1,0,0,0,0,0,0,0,0,0,0,0,0,0,0,0,0,0,0,0,0,1,0,0,0,0,0,0,0,0,0,0,0,0,0,0,0,0,0,0,0,0,0,0,0,0,0,0,0,0,0,0,0,0,0,0,0,0,0,0,0,0,0,0,0,0,0,0,0,0,0,0
El Progreso,2012,,20,0,20,0,0,7,2,0,0,0,0,1,4,4,1,0,1,0,0,0,0,0,0,0,0,0,0,0,0,0,0,0,0,0,1,0,3,1,2,0,1,3,1,1,0,0,0,1,0,0,0,0,0,0,0,1,1,0,0,1,0,0,0,1,1,0,0,1,0,0,0,0,0,0,0,0,0,0,0,0,0,0,0,0,0,0,0,0,0,0,0,0,0,0,0,0,0,0,0,0,0,0,0,0,0,0,0,0,0,0,0,0,0,0,0,0,0
Escuintla,2012,,17,3,14,4,0,6,0,0,0,0,0,1,6,0,0,0,0,0,0,0,0,0,0,0,0,0,0,0,0,0,0,0,0,0,0,0,1,0,0,1,2,1,2,1,0,0,0,0,2,0,3,1,0,0,0,0,0,0,0,1,0,0,0,1,0,0,0,0,0,0,0,1,0,0,0,0,0,0,0,0,0,0,0,0,0,0,0,0,0,0,0,0,0,0,0,0,0,0,0,0,0,0,0,0,0,0,0,0,0,0,0,0,0,0,0,0,0
Guatemala,2012,,254,21,233,9,0,67,13,4,4,0,0,26,84,45,2,0,0,0,0,0,0,0,0,0,0,0,0,0,0,0,0,1,0,0,0,2,8,2,8,9,13,6,11,17,7,9,6,12,15,13,4,7,8,12,10,7,6,11,4,4,1,3,2,1,1,5,0,4,2,4,2,1,0,1,2,0,0,1,1,2,0,1,1,1,0,0,0,0,0,0,0,0,0,0,0,0,0,0,0,0,1,0,0,0,0,0,0,0,0,0,0,0,0,0,0,0,5
Huehuetenango,2012,,40,1,39,1,0,16,5,0,1,0,0,0,13,2,1,0,1,0,0,0,0,0,0,0,0,0,0,0,0,0,0,1,0,2,0,3,1,0,0,2,1,1,0,1,2,1,1,0,1,2,3,1,0,0,1,1,2,2,2,1,0,0,0,1,1,0,1,0,0,0,0,1,0,0,0,0,0,0,0,1,0,0,0,0,0,0,0,0,0,0,1,0,0,0,0,0,0,0,0,0,0,0,0,0,0,0,0,0,0,0,0,0,0,0,0,0,2
Izabal,2012,,5,2,3,0,0,5,0,0,0,0,0,0,0,0,0,0,0,0,0,0,0,0,0,0,0,0,0,0,0,0,0,0,0,0,0,0,1,0,1,0,1,0,0,0,1,0,0,0,0,0,0,0,0,0,0,0,0,0,0,0,0,0,0,0,0,0,0,0,0,0,0,0,1,0,0,0,0,0,0,0,0,0,0,0,0,0,0,0,0,0,0,0,0,0,0,0,0,0,0,0,0,0,0,0,0,0,0,0,0,0,0,0,0,0,0,0,0
Jalapa,2012,,20,1,19,1,0,6,2,0,0,0,0,1,8,0,0,0,2,0,0,0,0,0,0,0,0,0,0,0,0,0,0,0,0,0,1,1,0,2,1,1,1,2,1,0,0,1,0,1,0,2,1,1,0,0,2,0,0,0,0,1,0,0,0,1,0,0,0,0,0,0,0,0,0,0,0,0,0,0,0,0,0,0,0,0,0,0,0,0,0,0,0,0,0,0,0,0,0,0,0,0,0,0,0,0,0,0,0,0,0,0,0,0,0,0,0,0,0
Jutiapa,2012,,19,2,17,1,0,6,1,1,0,0,0,0,8,1,1,0,0,0,0,0,0,0,0,0,0,0,0,0,0,0,0,1,1,0,0,1,0,1,0,0,0,0,2,0,0,1,2,1,0,0,1,0,0,1,0,1,0,1,0,1,0,0,0,0,0,0,0,0,0,1,0,2,1,0,0,0,0,0,0,0,0,0,0,0,0,0,0,0,0,0,0,0,0,0,0,0,0,0,0,0,0,0,0,0,0,0,0,0,0,0,0,0,0,0,0,0,0
Petén,2012,,15,1,14,0,0,2,0,0,0,0,0,1,9,2,1,0,0,0,0,0,0,0,0,0,0,0,1,0,0,0,0,0,0,0,0,0,1,1,0,0,1,2,1,0,0,0,0,1,0,0,2,0,0,0,0,0,0,0,0,0,1,0,1,0,0,0,0,0,0,0,0,0,1,0,0,0,0,1,0,0,0,0,0,0,0,0,0,0,0,0,0,0,0,1,0,0,0,0,0,0,0,0,0,0,0,0,0,0,0,0,0,0,0,0,0,0,0
Quetzaltenango,2012,,45,5,40,12,0,17,1,0,0,0,0,0,14,1,0,0,0,0,0,0,0,0,0,0,0,0,0,0,0,0,0,0,1,0,2,2,2,1,1,2,1,2,1,2,1,1,1,1,0,0,0,1,2,3,2,2,0,0,1,1,0,1,0,0,0,0,2,1,0,2,0,0,0,0,0,0,1,1,0,0,0,0,0,0,0,0,0,0,0,0,0,0,0,0,0,0,0,0,0,0,0,0,0,0,0,0,0,0,0,0,0,0,0,0,0,0,4
Quiché,2012,,10,1,9,0,0,2,7,0,0,0,0,0,0,1,0,0,0,0,0,0,0,0,0,0,0,0,0,0,0,0,0,0,0,0,0,0,0,2,0,1,0,1,0,0,2,0,0,0,0,0,1,0,0,0,0,0,0,0,0,0,1,0,1,0,1,0,0,0,0,0,0,0,0,0,0,0,0,0,0,0,0,0,0,0,0,0,0,0,0,0,0,0,0,0,0,0,0,0,0,0,0,0,0,0,0,0,0,0,0,0,0,0,0,0,0,0,0
Retalhuleu,2012,,18,2,16,0,0,9,4,0,0,0,0,0,5,0,0,0,0,0,0,0,0,0,0,0,0,0,0,0,0,0,0,0,0,0,2,0,0,0,0,1,2,0,0,2,1,0,0,0,1,0,1,1,0,1,0,0,0,0,2,0,0,0,0,0,2,1,0,0,0,1,0,0,0,0,0,0,0,0,0,0,0,0,0,0,0,0,0,0,0,0,0,0,0,0,0,0,0,0,0,0,0,0,0,0,0,0,0,0,0,0,0,0,0,0,0,0,0
Sacatepéquez,2012,,30,4,26,2,0,13,3,0,0,0,0,0,9,0,3,0,0,0,0,0,0,0,0,0,0,0,0,0,0,0,0,0,1,1,0,2,0,0,0,2,1,0,2,2,0,0,2,2,0,1,1,2,2,2,2,0,0,0,0,0,0,0,0,0,3,0,0,1,0,0,0,0,0,0,0,0,1,0,0,0,0,0,0,0,0,0,0,0,0,0,0,0,0,0,0,0,0,0,0,0,0,0,0,0,0,0,0,0,0,0,0,0,0,0,0,0,0
San Marcos,2012,,48,3,45,3,0,19,3,0,1,0,0,3,17,2,0,0,0,0,0,0,0,0,0,0,0,0,0,0,0,0,0,0,1,0,2,3,2,1,1,1,3,2,2,0,0,0,2,2,0,1,2,2,1,3,2,2,0,1,1,0,0,1,1,0,1,1,2,1,0,0,0,0,0,0,0,0,0,0,0,1,0,0,0,1,0,0,0,0,0,0,0,0,1,0,0,0,0,0,0,0,0,0,0,0,0,0,0,0,0,0,0,0,0,0,0,1,0
Santa Rosa,2012,,20,3,17,2,0,6,1,0,1,0,0,0,8,2,0,0,0,0,0,0,0,0,0,0,0,0,0,0,0,0,0,0,1,0,0,1,1,1,0,1,2,1,0,0,0,1,2,1,0,0,1,0,1,0,0,1,0,0,1,1,1,0,0,0,0,0,1,0,0,0,0,0,0,0,0,0,0,0,0,0,0,1,0,0,0,0,0,0,0,0,0,0,0,0,0,0,0,0,0,0,0,0,0,0,0,0,0,0,0,0,0,0,0,0,0,0,0
Sololá,2012,,14,1,13,3,0,4,0,0,0,0,0,0,7,0,0,0,0,0,0,0,0,0,0,0,0,0,0,0,0,0,0,0,0,0,0,0,0,2,0,0,2,0,0,0,0,0,0,1,0,1,0,0,2,1,0,0,1,1,0,0,0,1,0,0,0,0,0,0,1,0,1,0,0,0,0,0,0,0,0,0,0,0,0,0,0,0,0,0,0,0,0,0,0,0,0,0,0,0,0,0,0,0,0,0,0,0,0,0,0,0,0,0,0,0,0,0,0
Suchitepéquez,2012,,41,4,37,4,0,19,1,0,0,0,0,0,16,1,0,0,0,0,0,0,0,0,0,0,0,0,0,0,0,0,0,0,0,0,1,2,4,2,5,2,1,1,4,1,6,1,0,1,0,1,1,0,0,0,1,1,0,1,0,1,0,0,0,0,1,0,1,0,0,0,0,0,0,0,0,0,0,0,0,0,1,0,1,0,0,0,0,0,0,0,0,0,0,0,0,0,0,0,0,0,0,0,0,0,0,0,0,0,0,0,0,0,0,0,0,0,0
Totonicapán,2012,,12,1,11,2,0,6,0,0,0,0,0,0,3,0,1,0,0,0,0,0,0,0,0,0,0,0,0,0,0,0,0,0,0,1,0,0,0,1,2,1,0,0,2,0,0,0,0,0,1,0,0,1,0,1,0,1,0,0,0,1,0,0,0,0,0,0,0,0,0,0,0,0,0,0,0,0,0,0,0,0,0,0,0,0,0,0,0,0,0,0,0,0,0,0,0,0,0,0,0,0,0,0,0,0,0,0,0,0,0,0,0,0,0,0,0,0,0
Zacapa,2012,,13,1,12,1,0,6,2,0,0,0,0,0,3,1,0,0,0,0,0,0,0,0,0,0,0,0,0,0,0,0,0,0,0,0,0,0,0,0,1,0,0,1,0,0,0,0,1,1,0,0,1,1,0,0,0,0,1,1,1,0,0,0,0,0,0,0,0,0,0,0,0,2,0,0,0,0,0,0,0,0,0,0,0,0,0,0,0,0,0,0,0,0,1,0,0,0,0,0,0,0,0,0,0,0,0,1,0,0,0,0,0,0,0,0,0,0,0
Alta Verapaz,2013,119.0,3329,379,2950,475,11,1259,157,27,8,10,0,9,1161,182,8,3,18,1,3,2,0,0,2,0,2,4,3,5,6,11,8,15,36,50,78,91,100,108,106,124,128,140,118,131,138,163,102,136,96,137,111,74,112,79,86,90,64,70,48,57,50,32,26,25,23,32,27,32,18,22,17,13,14,8,12,17,5,14,6,12,5,5,5,7,3,5,2,3,2,5,3,1,1,1,2,2,2,3,1,1,2,0,2,3,0,0,0,0,0,0,0,0,0,0,0,0,24
Baja Verapaz,2013,98.0,1174,130,1044,118,4,475,72,8,2,0,1,8,402,79,3,0,2,0,0,0,0,0,0,1,1,0,0,0,0,0,3,6,15,13,35,28,36,45,37,69,45,53,54,37,43,46,48,46,31,41,33,17,35,25,28,27,17,23,14,8,11,21,12,11,5,12,8,9,3,10,6,6,4,4,6,4,5,5,0,3,6,2,8,3,0,3,2,0,3,2,0,2,4,0,0,2,3,1,1,1,0,0,0,0,0,0,0,0,0,0,0,0,0,0,0,0,26
Chimaltenango,2013,64.0,1714,136,1578,77,9,637,189,19,21,7,2,2,623,118,7,2,1,0,0,0,0,0,0,0,0,0,0,0,0,0,1,5,12,16,31,42,46,65,41,61,70,66,78,59,58,73,51,69,64,60,49,51,55,35,50,36,38,40,21,39,32,27,23,18,15,27,14,14,13,14,16,7,11,7,10,10,6,10,4,6,8,2,4,4,0,2,2,4,1,1,0,1,2,2,2,0,0,3,1,1,0,1,0,0,0,1,0,0,0,0,0,0,0,0,0,0,6
Chiquimula,2013,87.0,439,46,393,52,1,217,22,10,0,2,0,0,112,21,0,0,2,0,0,0,0,3,0,0,0,1,0,0,0,2,2,2,5,5,6,13,9,12,14,20,18,14,27,14,9,23,22,14,19,9,15,6,13,5,6,7,8,9,7,9,7,6,5,3,3,1,5,9,4,5,1,2,1,3,3,1,1,2,3,1,2,1,0,0,1,2,0,1,0,2,0,0,0,0,0,1,0,0,0,0,0,0,1,0,1,0,0,0,0,0,0,0,0,0,0,0,13
El Progreso,2013,72.0,1126,180,946,72,6,410,88,14,7,0,0,17,441,58,6,2,5,0,1,1,0,0,0,1,0,2,0,3,0,1,9,4,11,18,36,24,36,37,44,50,47,42,43,34,34,38,35,62,20,25,35,30,24,23,35,32,14,24,16,21,17,14,16,12,10,12,12,9,4,8,9,7,4,3,6,3,7,5,3,2,4,3,1,0,3,1,3,2,1,1,2,4,1,0,1,1,3,0,0,2,1,0,0,0,1,2,0,2,0,0,0,0,0,0,0,0,12
Escuintla,2013,153.0,780,53,727,118,5,403,16,7,2,1,0,4,202,18,2,0,2,0,0,0,0,0,0,0,1,1,1,0,0,3,5,8,1,16,15,22,17,27,30,44,45,33,33,33,29,36,35,36,19,37,20,19,21,18,12,19,12,11,10,14,3,8,6,9,9,3,6,7,4,6,3,3,6,1,0,5,1,3,0,1,1,1,1,2,0,1,0,0,0,1,0,1,0,1,0,0,0,0,0,0,0,0,0,0,0,0,0,0,0,0,0,0,0,0,0,0,4
Guatemala,2013,1803.0,6379,543,5836,410,18,2338,431,108,55,10,1,84,2410,463,32,11,7,1,0,0,0,2,0,1,0,0,1,4,3,3,5,5,21,25,78,96,139,175,192,212,236,258,259,269,230,272,251,299,239,281,223,215,197,168,143,136,146,127,108,124,98,71,89,63,69,76,54,53,34,39,43,31,26,26,33,30,20,18,16,24,22,15,19,10,15,9,4,14,2,8,7,5,10,12,6,4,4,3,6,5,4,0,0,1,1,2,0,2,1,0,1,0,0,0,0,0,131
Huehuetenango,2013,125.0,1850,128,1722,325,9,786,251,25,14,4,0,4,315,108,6,0,3,0,0,0,0,1,0,0,1,3,1,1,2,1,3,7,11,26,53,72,49,62,58,70,82,76,77,55,62,71,56,81,52,55,57,42,62,53,30,44,37,44,17,30,25,14,28,18,18,15,23,8,13,10,13,12,9,5,4,4,8,10,5,8,9,2,7,5,6,4,2,1,3,2,6,8,4,0,3,3,2,2,0,1,3,0,0,0,1,1,1,0,0,0,1,0,0,0,0,0,19
Izabal,2013,123.0,814,76,738,2,1,440,115,25,13,0,0,0,143,75,0,0,0,0,0,0,0,0,0,0,0,0,0,0,0,0,0,1,11,5,11,27,26,24,34,34,30,45,37,24,35,46,38,57,23,16,25,27,23,18,27,20,21,20,14,14,8,8,7,5,2,4,2,7,4,2,5,3,0,1,2,1,1,4,5,2,1,0,1,1,0,1,0,0,0,0,0,1,1,0,0,1,0,0,1,0,0,0,0,0,0,0,0,0,0,0,0,0,0,0,0,0,0
Jalapa,2013,98.0,836,61,775,107,2,282,15,6,2,2,0,8,390,15,3,0,4,0,0,0,0,0,1,1,1,0,0,0,1,0,3,5,6,16,17,26,28,19,28,35,53,25,33,35,40,24,22,22,16,30,19,22,31,20,17,22,10,16,10,13,21,8,12,5,13,9,7,7,7,7,3,7,10,1,6,4,4,6,2,1,3,0,3,1,4,2,1,2,0,0,0,1,1,0,0,1,2,3,0,1,0,1,0,0,0,1,0,1,0,0,0,0,0,0,0,0,1
Jutiapa,2013,298.0,1168,103,1065,117,0,458,84,14,5,1,0,6,425,44,7,3,4,0,0,0,0,0,0,0,0,1,0,2,0,2,2,9,9,26,27,39,28,28,22,42,52,45,41,31,44,48,29,41,24,30,34,22,20,26,29,26,31,33,11,26,18,9,16,8,14,11,11,12,14,8,7,8,11,3,4,7,1,6,7,4,5,3,8,7,2,8,3,2,1,3,1,4,2,3,3,0,2,0,1,0,3,0,0,2,0,0,0,0,0,1,0,0,0,0,0,0,45
Petén,2013,128.0,1085,72,1013,101,9,455,95,17,15,0,0,7,309,59,10,2,5,1,0,0,0,1,0,0,0,0,0,3,1,0,4,4,14,18,33,38,36,40,36,42,50,41,58,32,40,55,51,35,40,42,22,29,26,15,23,18,20,24,13,17,12,13,7,11,11,14,7,3,6,10,10,5,5,3,5,4,3,4,2,4,3,1,2,0,0,3,0,2,0,1,1,1,2,1,0,2,1,1,0,1,1,0,0,1,0,0,0,0,0,0,0,0,0,0,0,0,1
Quetzaltenango,2013,253.0,2037,156,1881,397,10,819,104,14,22,1,0,22,562,79,3,2,2,0,0,0,0,0,0,0,0,1,0,1,1,1,1,5,16,35,48,50,70,70,59,74,104,82,82,63,79,74,66,93,40,74,73,62,55,31,50,59,36,40,27,40,34,23,28,15,28,26,16,19,11,17,19,6,9,5,12,6,7,6,4,5,2,0,6,1,5,0,2,1,0,3,1,3,2,1,2,7,1,2,1,2,0,0,0,2,1,0,0,1,0,0,0,0,0,0,0,0,33
Quiché,2013,119.0,742,21,721,41,1,108,546,1,13,1,0,3,21,4,0,0,3,0,0,0,0,0,0,0,0,0,0,1,0,0,0,2,4,2,4,30,23,28,19,35,36,33,34,30,20,27,25,34,21,41,26,24,24,20,15,26,10,21,9,20,8,10,7,6,7,9,2,14,2,4,4,6,3,3,0,1,0,4,0,0,2,1,0,0,0,0,0,0,0,0,0,1,0,1,0,0,0,0,0,0,1,0,0,0,0,0,0,0,0,0,0,0,0,0,0,0,2
Retalhuleu,2013,139.0,1657,152,1505,54,3,915,177,34,23,4,0,13,367,55,4,1,7,0,1,3,1,1,2,0,2,4,0,7,2,3,6,8,16,16,36,38,53,63,56,60,65,68,73,53,74,60,61,76,50,74,50,37,49,31,47,38,31,31,17,30,19,25,18,16,15,16,13,13,7,10,11,10,8,8,5,6,4,6,3,7,4,4,4,3,0,1,2,0,0,2,2,0,4,0,0,1,1,1,1,2,3,1,1,2,0,0,1,1,0,0,0,0,0,0,0,0,3
Sacatepéquez,2013,86.0,1764,197,1567,147,3,851,98,19,9,0,0,8,552,63,6,2,6,0,0,0,0,0,0,1,0,0,0,1,0,0,3,5,14,15,25,47,45,54,70,71,96,71,85,50,60,68,53,75,62,73,53,45,51,43,35,42,21,39,37,48,23,19,25,12,13,15,16,18,11,13,15,6,11,10,8,7,5,6,2,6,3,8,4,3,4,2,2,4,3,2,2,0,2,1,0,0,2,1,1,1,2,0,0,2,0,0,0,0,0,0,0,0,0,0,0,0,16
San Marcos,2013,76.0,2338,193,2145,356,3,1032,130,28,2,2,2,25,629,112,8,1,8,0,0,0,0,0,0,0,1,0,1,0,3,2,4,8,12,27,39,55,57,71,78,89,115,92,93,82,95,97,66,92,65,73,64,69,53,61,63,58,34,53,39,40,50,29,27,19,26,23,26,26,15,18,27,23,15,8,7,18,9,8,10,8,9,5,4,5,5,10,2,5,4,1,4,3,6,3,3,3,1,2,2,2,5,1,0,0,1,2,0,0,1,0,0,0,0,0,0,0,6
Santa Rosa,2013,68.0,1442,86,1356,183,0,575,103,16,8,0,0,5,502,44,4,0,2,0,0,0,0,1,0,1,1,0,0,1,1,3,3,3,15,25,37,31,63,71,50,53,71,45,56,50,62,52,44,76,42,30,39,34,31,37,28,39,21,28,31,29,21,14,13,12,15,14,11,17,5,12,8,7,3,7,5,5,7,6,1,4,2,2,4,2,1,1,0,0,0,5,4,2,2,1,1,2,0,0,0,3,0,0,1,2,1,0,1,0,0,0,1,0,0,0,0,0,13
Sololá,2013,39.0,1070,113,957,242,2,431,37,18,1,0,0,5,300,29,4,0,1,0,0,0,0,1,0,0,0,2,1,0,0,0,0,2,4,12,22,23,33,30,28,48,39,30,30,41,33,40,37,51,33,36,33,30,37,30,29,28,23,21,15,24,14,10,19,10,5,13,13,19,6,8,3,10,12,3,9,5,2,4,1,3,5,8,4,2,2,5,0,2,1,1,3,0,1,4,1,0,0,2,0,0,1,0,1,0,1,0,0,1,1,0,0,0,0,0,0,1,8
Suchitepéquez,2013,204.0,2458,220,2238,406,8,1104,75,16,3,8,0,18,707,95,5,1,10,2,0,0,1,1,0,0,1,1,0,4,0,2,6,7,26,48,71,85,100,89,81,102,94,92,87,78,83,94,83,104,59,77,83,65,57,65,63,55,45,55,36,46,35,31,32,27,18,15,20,22,13,18,15,8,12,5,12,11,11,6,3,4,10,5,3,1,2,2,1,7,0,3,3,5,3,3,3,2,0,3,0,3,1,1,1,1,0,0,0,1,0,0,0,0,0,0,0,0,30
Totonicapán,2013,67.0,559,84,475,111,1,245,34,5,3,0,0,0,149,10,1,0,0,0,0,0,0,0,0,0,0,0,0,0,0,0,1,0,1,5,12,14,18,20,37,20,26,25,25,15,27,18,17,20,11,21,16,13,20,8,15,12,11,15,10,13,4,6,9,11,4,5,3,2,7,9,0,3,4,3,2,5,4,1,0,0,2,2,0,0,1,0,0,1,1,0,2,0,0,0,0,0,1,0,0,0,0,1,0,0,0,0,0,0,0,0,0,0,0,0,0,0,0
Zacapa,2013,158.0,746,75,671,75,2,300,56,5,3,1,0,5,240,55,2,0,1,1,0,2,0,0,0,1,0,0,0,0,0,3,1,6,8,10,17,20,24,31,32,31,35,32,38,25,27,35,22,20,22,34,20,21,18,15,11,8,11,10,20,6,9,4,7,4,13,13,5,5,7,5,4,3,3,1,1,2,4,1,0,1,0,3,3,2,3,2,1,0,1,1,2,2,2,2,3,0,0,0,1,0,0,0,0,1,0,0,0,0,0,0,0,1,0,0,0,0,8
Alta Verapaz,2014,137.0,3193,363,2830,363,14,1339,133,25,6,4,0,13,1062,190,12,4,27,1,1,2,1,1,2,2,1,1,2,3,3,2,13,22,24,39,88,89,105,108,96,120,110,106,136,116,112,131,113,156,89,133,108,103,83,82,74,71,66,84,51,52,44,34,46,20,29,29,13,32,20,25,15,12,14,9,17,9,10,17,4,11,7,4,7,5,3,9,0,6,3,2,1,1,0,3,3,3,1,0,1,3,1,0,0,1,0,1,1,0,0,0,0,0,0,0,0,0,16
Baja Verapaz,2014,112.0,1225,103,1122,137,4,484,82,6,5,0,0,8,428,57,10,0,3,1,1,1,2,0,1,1,0,1,0,1,2,0,2,6,6,20,38,36,48,60,44,53,47,40,49,43,41,33,44,39,34,48,28,35,25,24,23,18,16,23,21,25,16,12,17,5,11,11,11,17,12,12,5,11,5,4,7,1,5,9,3,0,5,7,5,5,0,2,2,2,0,1,0,2,2,0,2,3,0,3,0,1,0,0,0,2,2,0,0,0,0,0,0,0,0,0,0,0,26
Chimaltenango,2014,113.0,1900,138,1762,106,3,717,218,22,32,3,0,7,635,143,11,1,1,1,0,0,0,0,0,0,0,0,0,0,0,0,0,2,6,24,35,56,73,52,68,66,68,64,85,82,72,86,55,63,77,56,71,54,57,43,44,55,32,35,36,43,37,24,26,12,20,27,16,16,12,19,11,8,12,4,9,6,9,6,3,4,5,4,9,2,1,3,3,3,2,2,2,1,2,0,1,5,1,1,1,1,1,0,1,0,0,0,2,0,0,0,0,0,0,0,0,0,6
Chiquimula,2014,148.0,452,38,414,35,1,192,61,13,3,1,0,1,125,17,1,0,2,0,0,0,0,0,0,0,0,0,0,0,0,0,2,0,2,4,14,10,17,18,14,18,17,21,24,15,13,18,14,12,15,13,17,9,12,10,16,8,11,7,5,7,11,4,4,4,5,4,3,4,4,2,2,2,3,3,0,2,2,1,1,0,0,2,1,0,1,2,2,0,0,0,1,0,3,1,1,0,1,0,0,0,0,0,0,0,0,0,0,0,0,0,0,0,0,0,0,0,13
El Progreso,2014,103.0,1066,180,886,104,2,344,44,7,2,2,0,14,490,39,4,2,10,2,0,1,0,2,1,1,0,1,3,0,2,4,2,6,11,22,25,26,36,34,31,34,46,45,33,41,24,27,33,43,30,28,40,28,36,22,32,26,20,17,10,19,15,12,13,13,7,11,7,11,5,10,5,8,7,8,9,6,3,7,0,5,4,1,2,6,3,2,0,7,1,0,0,2,0,3,1,3,1,3,0,0,1,0,1,3,0,0,0,1,0,0,0,0,0,0,0,0,17
Escuintla,2014,263.0,552,31,521,76,4,297,17,10,2,2,0,2,132,6,0,0,4,0,2,3,2,2,0,5,1,2,2,0,0,0,1,2,9,9,24,21,22,21,10,34,16,28,25,24,20,21,19,23,15,15,16,16,20,14,4,13,9,12,6,2,8,2,2,5,2,9,4,0,0,1,3,2,2,2,4,2,1,2,0,1,0,0,3,0,0,0,0,1,0,0,0,1,1,0,0,2,0,0,0,0,0,0,0,1,0,0,0,0,0,0,0,0,0,0,0,0,1
Guatemala,2014,1980.0,5547,466,5081,413,5,1989,386,60,34,10,0,96,2141,375,30,3,5,0,0,1,0,2,0,0,1,1,0,1,0,1,7,6,13,27,62,95,134,133,167,209,194,262,223,202,204,195,204,220,175,233,201,198,162,172,154,160,127,126,84,81,75,94,75,58,69,58,42,44,24,40,44,20,31,23,19,29,22,22,6,20,21,5,14,9,13,6,11,7,5,8,6,6,5,7,0,3,3,2,4,6,3,2,0,3,0,2,1,2,0,0,0,0,0,0,0,0,141
Huehuetenango,2014,184.0,1358,139,1219,169,3,625,115,9,6,3,1,7,313,88,15,0,4,0,0,0,0,0,0,0,1,0,0,2,0,3,2,4,15,17,39,36,39,46,51,57,46,48,62,52,43,54,40,55,38,39,35,47,36,37,34,30,23,31,19,24,16,19,24,18,11,11,5,9,10,6,6,11,5,3,6,4,4,10,0,2,6,4,6,2,1,4,3,6,2,1,4,1,2,5,1,1,1,3,0,0,0,2,2,0,0,0,1,1,1,0,0,0,0,0,0,0,13
Izabal,2014,161.0,666,42,624,0,1,324,82,34,8,0,0,2,167,47,1,0,0,0,0,0,0,0,0,0,0,0,0,0,0,1,2,2,1,8,12,25,16,32,28,21,26,23,30,31,22,23,26,34,22,24,25,21,14,11,14,14,10,18,12,11,13,8,10,3,8,6,3,6,3,4,1,2,2,1,3,2,1,5,4,1,2,0,3,1,2,1,0,0,0,0,1,1,2,1,1,0,0,1,0,1,1,0,0,0,0,0,2,1,0,0,0,0,0,0,0,0,0
Jalapa,2014,105.0,973,91,882,124,3,339,14,5,0,1,0,4,455,17,8,0,3,0,1,0,0,0,1,0,0,1,1,1,1,1,1,5,20,18,27,33,24,39,45,41,34,50,35,30,31,31,38,33,17,22,32,27,19,11,22,18,19,24,11,17,14,12,10,10,9,11,7,11,3,3,10,6,8,3,6,3,5,6,0,5,5,8,4,4,3,2,5,3,0,4,3,1,1,0,2,0,1,0,0,1,1,0,0,0,1,0,1,0,0,0,0,0,0,0,0,0,0
Jutiapa,2014,333.0,1306,185,1121,125,0,490,79,12,9,3,0,7,505,67,8,0,0,1,0,0,0,0,0,0,1,0,0,1,2,3,8,4,12,18,25,27,36,41,37,51,45,54,53,56,53,59,37,35,32,34,30,38,39,32,29,28,20,25,17,19,17,15,14,16,13,20,10,9,7,5,8,5,9,4,8,11,0,7,2,6,8,3,4,3,5,3,6,6,2,4,1,4,4,3,0,2,0,2,0,0,2,0,1,0,1,0,0,0,0,0,0,0,0,0,0,0,55
Petén,2014,133.0,980,67,913,116,3,398,84,19,7,2,1,2,292,35,9,1,10,1,1,0,0,0,1,0,1,2,2,2,0,1,8,8,9,20,27,29,30,38,33,35,43,42,42,47,23,29,39,32,33,30,28,23,36,27,19,29,28,14,10,14,18,11,14,5,12,11,11,5,3,7,4,9,6,3,1,0,3,5,1,1,2,2,1,1,1,0,1,0,1,0,0,0,1,1,0,0,0,0,0,0,1,1,1,0,0,0,0,0,0,0,0,0,0,0,0,0,1
Quetzaltenango,2014,382.0,1685,112,1573,382,10,659,86,18,18,6,0,9,444,40,4,1,8,0,0,0,0,2,0,1,0,1,0,2,0,2,3,6,10,16,36,57,74,85,62,71,73,64,90,60,57,75,48,61,42,62,44,50,42,49,25,33,22,31,18,27,25,23,18,13,13,18,12,10,6,10,14,9,5,12,7,2,5,8,7,5,5,2,2,3,1,1,2,3,0,3,2,3,1,2,0,1,2,2,0,1,0,3,1,0,0,2,0,0,0,0,0,0,0,0,0,0,20
Quiché,2014,157.0,1166,100,1066,102,1,176,781,8,22,0,0,21,48,1,0,0,6,0,0,0,0,0,0,0,0,0,0,0,0,0,0,2,2,0,3,40,33,46,41,49,46,50,35,50,43,44,38,46,29,56,38,32,46,30,26,36,24,31,21,29,12,18,22,12,11,15,10,8,9,9,7,4,3,4,8,4,0,2,2,5,6,3,5,2,4,5,0,1,1,2,0,1,0,0,0,0,1,1,0,0,2,0,1,0,0,0,0,0,0,0,0,0,0,0,0,0,0
Retalhuleu,2014,140.0,1676,178,1498,106,3,942,140,26,20,3,0,9,356,38,4,0,28,1,7,2,8,7,4,6,10,5,7,12,4,6,13,24,19,21,33,46,46,53,61,71,64,64,68,60,63,56,68,53,33,46,51,53,45,45,29,32,31,43,18,22,27,14,14,11,20,18,18,13,6,8,13,11,7,4,2,6,5,9,8,6,5,5,1,2,2,3,7,2,2,1,2,0,2,0,3,1,0,0,1,2,0,0,3,0,0,1,1,0,0,0,0,0,0,0,0,0,1
Sacatepéquez,2014,137.0,1565,160,1405,164,5,768,65,16,3,5,1,2,496,28,8,1,3,0,0,0,0,0,0,0,0,0,1,1,0,1,0,3,9,16,38,31,38,51,56,57,47,60,73,36,60,64,53,67,66,56,58,38,59,37,54,36,27,36,32,26,20,14,15,5,7,11,14,18,11,13,6,9,12,5,9,13,7,4,9,2,7,3,8,7,3,2,2,4,1,2,3,1,4,1,1,2,1,2,2,2,0,1,1,0,0,0,0,1,0,1,0,0,0,0,0,0,12
San Marcos,2014,190.0,2167,184,1983,325,5,878,137,24,16,2,1,18,615,131,6,4,5,0,0,1,1,0,0,1,0,0,1,2,2,4,4,14,18,28,50,53,83,62,51,78,87,72,80,66,65,67,77,89,54,73,75,78,50,55,42,59,49,39,38,42,41,25,39,25,27,24,24,20,10,25,15,10,11,13,8,5,12,15,6,5,13,4,10,9,3,3,3,4,2,2,1,0,8,1,2,3,2,3,2,0,3,3,3,0,1,0,0,2,1,2,0,0,0,0,0,0,7
Santa Rosa,2014,131.0,1307,96,1211,91,2,515,161,15,9,2,0,7,388,108,7,2,0,0,0,1,1,0,1,0,1,0,2,1,1,0,5,8,15,20,38,31,46,47,49,51,60,50,47,52,50,57,54,37,33,50,34,39,41,26,31,34,19,29,17,17,14,18,16,3,13,17,18,8,9,15,6,8,7,7,6,2,2,10,3,3,1,5,2,1,0,0,1,1,0,2,0,2,4,0,1,1,2,1,0,1,0,0,0,0,0,0,0,0,0,0,0,0,0,0,0,0,2
Sololá,2014,59.0,977,74,903,232,3,379,38,9,0,0,0,6,277,32,1,0,0,0,0,0,0,0,0,0,0,1,0,1,1,1,0,3,1,13,22,29,27,24,32,40,34,34,36,29,39,33,34,44,21,36,28,32,38,21,26,28,17,28,18,14,14,12,23,4,11,10,11,10,3,6,6,5,5,5,7,5,5,1,2,9,2,4,4,2,2,3,3,4,3,2,2,1,0,0,0,0,1,0,0,0,0,0,0,0,0,0,0,1,0,0,0,0,0,0,0,0,4
Suchitepéquez,2014,190.0,2495,301,2194,197,8,1144,117,17,6,2,0,22,846,128,4,1,3,0,0,0,0,0,0,0,1,0,0,0,1,2,1,8,13,22,54,69,79,84,88,100,109,75,101,104,94,102,106,84,59,84,92,71,79,80,75,63,46,61,20,36,48,25,26,26,22,26,20,12,13,9,23,17,13,11,9,12,8,9,10,6,5,8,5,6,8,3,4,5,0,5,2,7,4,3,2,1,0,5,1,2,1,0,0,1,1,0,1,0,0,0,0,0,0,0,0,0,7
Totonicapán,2014,88.0,634,76,558,115,1,274,31,8,2,0,0,4,185,12,2,0,0,0,0,0,0,0,0,0,0,0,0,0,1,0,1,3,5,7,13,15,14,31,29,39,29,20,30,18,25,28,11,35,23,22,21,15,17,16,18,8,6,8,9,6,7,7,5,6,9,5,5,9,3,8,2,3,5,3,1,4,1,4,1,3,0,0,5,1,2,1,1,0,2,3,0,1,0,0,1,0,1,0,1,0,1,0,0,0,0,0,0,0,0,0,0,0,0,0,0,0,0
Zacapa,2014,146.0,700,54,646,107,1,289,33,11,0,2,0,3,223,24,2,0,2,3,0,0,0,0,0,0,0,0,0,2,0,1,0,3,5,13,19,16,26,19,27,24,35,28,41,20,29,20,20,26,12,21,16,17,21,15,14,15,9,17,11,12,9,11,9,6,4,10,9,4,2,3,8,8,6,5,2,0,3,3,4,0,1,2,2,1,2,2,0,2,0,1,0,0,1,0,0,0,0,3,0,0,0,0,0,0,0,0,1,0,0,0,0,0,0,0,0,0,22
Alta Verapaz,2015,181.0,3500,463,3037,448,6,1403,128,16,4,2,0,12,1258,183,21,0,18,1,5,0,1,2,1,3,6,3,6,6,2,9,9,22,37,35,68,94,118,132,132,163,137,141,184,143,125,130,122,140,100,117,120,109,123,77,87,74,58,85,44,47,51,36,39,22,21,19,28,30,15,11,14,15,13,12,12,12,9,16,8,14,10,7,4,8,10,4,5,4,1,3,0,4,4,2,0,1,2,1,0,2,1,1,1,0,2,2,0,0,0,0,0,0,0,0,0,0,7
Baja Verapaz,2015,134.0,853,64,789,104,2,354,32,8,2,2,0,2,299,41,6,0,1,0,0,0,1,0,1,0,0,3,1,0,1,1,5,9,6,17,21,27,31,27,19,40,21,43,26,36,30,24,23,35,23,35,25,21,24,19,15,13,15,21,12,9,15,13,10,9,6,8,6,13,4,8,7,6,8,1,4,1,2,3,2,2,2,2,2,4,1,1,6,0,1,2,2,1,3,2,0,2,0,1,0,0,0,0,0,0,1,0,0,0,0,0,0,0,0,0,0,0,12
Chimaltenango,2015,154.0,1819,177,1642,112,4,817,160,19,45,5,1,7,557,77,9,2,3,1,0,0,0,0,0,0,0,1,0,0,0,0,0,2,8,11,38,49,53,56,67,77,62,68,64,70,70,76,57,68,54,62,52,56,57,45,43,50,34,41,28,32,32,32,35,16,15,21,25,24,9,9,8,9,15,5,10,10,8,11,4,4,7,6,3,1,2,4,2,5,3,2,2,2,2,2,1,2,2,1,1,1,3,1,3,0,0,3,1,0,1,0,0,0,0,0,0,0,3
Chiquimula,2015,187.0,395,30,365,58,1,133,39,1,4,1,0,1,141,14,1,0,1,0,0,0,0,0,0,0,0,0,0,0,0,0,1,2,4,5,10,7,14,14,15,21,11,9,16,13,15,13,14,16,12,16,11,18,13,9,7,15,4,7,4,6,3,7,2,2,4,0,4,2,0,4,2,3,5,2,1,5,0,2,2,0,1,1,1,1,2,2,1,1,1,0,1,0,1,0,0,1,0,0,0,1,1,0,0,0,0,0,0,0,0,0,0,0,0,0,0,0,7
El Progreso,2015,123.0,875,165,710,91,6,289,30,4,3,0,0,9,404,34,4,0,1,0,0,0,0,1,0,1,0,1,1,0,0,1,2,5,6,8,18,26,21,29,26,31,34,37,39,35,25,36,27,26,11,20,26,22,19,16,26,15,21,18,10,14,18,13,17,6,13,13,8,6,6,7,9,5,8,7,5,6,6,8,4,4,0,2,2,2,3,4,0,4,1,3,0,2,0,1,0,2,2,2,1,0,0,0,1,0,0,0,1,0,0,0,0,0,0,1,0,0,18
Escuintla,2015,391.0,442,29,413,48,0,236,23,7,3,0,1,2,112,6,1,0,3,0,0,0,1,0,2,1,3,0,0,1,1,0,0,1,4,4,11,13,19,24,25,34,23,20,19,15,15,12,15,22,18,16,8,15,14,8,11,9,6,7,3,2,3,6,0,2,1,1,2,2,1,1,3,3,5,0,1,2,0,0,0,2,1,0,0,1,0,0,0,0,0,0,0,0,0,0,0,0,0,1,1,0,0,1,0,0,0,0,0,0,0,0,0,0,0,0,0,0,0
Guatemala,2015,2707.0,6164,577,5587,525,10,2048,304,66,37,13,2,225,2579,288,40,7,19,1,0,2,0,0,1,2,3,3,2,4,3,4,3,11,10,46,57,100,135,201,187,196,239,249,252,246,238,244,219,253,213,231,208,185,214,176,151,185,149,144,92,116,91,72,93,66,68,48,54,36,41,39,44,32,35,22,22,29,30,31,19,28,23,13,15,4,12,9,12,8,6,11,4,7,8,5,3,4,4,3,2,4,7,0,4,1,3,2,2,0,1,2,0,0,1,0,0,1,109
Huehuetenango,2015,219.0,1006,147,859,145,3,485,64,6,1,1,5,5,230,51,6,2,2,0,0,0,0,1,0,1,1,1,0,2,0,2,5,5,12,16,20,20,29,29,32,28,43,29,30,25,45,42,37,40,36,32,16,23,35,22,26,28,20,19,14,21,16,10,21,7,10,12,10,7,6,11,8,2,5,5,7,7,1,4,1,4,5,4,6,2,2,4,1,4,2,4,3,0,2,2,4,2,1,3,1,1,0,1,0,0,0,2,0,0,0,0,0,0,1,0,0,0,8
Izabal,2015,193.0,580,42,538,0,0,255,86,17,6,0,0,1,174,41,0,0,0,0,0,0,0,0,0,0,0,0,0,0,0,0,3,1,1,5,9,16,20,28,25,31,32,27,20,21,23,21,25,29,12,23,12,16,21,19,14,17,10,12,7,12,4,3,1,7,7,3,0,5,0,4,2,3,1,0,3,3,0,1,2,0,1,2,1,2,1,1,3,1,0,0,0,0,1,1,2,1,0,1,0,0,0,0,0,0,0,0,1,0,0,0,0,0,0,0,0,0,0
Jalapa,2015,136.0,717,59,658,57,0,307,12,7,0,2,0,7,304,17,3,0,1,0,1,0,0,1,0,1,0,0,0,0,0,2,3,3,6,15,29,14,29,37,27,34,36,27,38,20,26,8,17,20,16,20,22,21,18,17,21,12,15,15,10,11,12,10,5,8,8,5,2,12,2,7,2,2,4,5,5,1,3,2,1,2,0,1,2,3,1,1,2,1,0,3,0,0,1,1,3,1,1,2,0,0,0,0,0,2,1,0,0,0,0,1,0,0,0,0,0,0,0
Jutiapa,2015,337.0,836,98,738,57,0,374,49,4,3,3,0,4,311,26,3,2,0,0,0,0,0,0,0,0,0,0,0,0,0,0,0,1,2,12,6,18,25,30,41,37,33,15,28,37,21,50,28,27,21,27,23,18,17,15,14,16,11,16,7,16,15,8,13,12,11,8,6,6,11,13,4,10,9,7,5,8,3,10,3,1,4,3,1,2,4,2,0,0,3,2,2,1,1,1,1,1,1,1,0,2,1,1,1,1,1,0,1,0,0,0,0,0,0,0,0,0,23
Petén,2015,179.0,1279,89,1190,188,4,499,50,23,4,4,0,7,415,47,14,0,24,0,0,3,2,0,3,0,1,0,1,3,2,2,9,14,15,20,37,41,47,45,41,46,56,65,56,46,51,44,39,54,51,38,38,32,33,31,20,34,27,17,18,20,21,14,13,8,14,9,5,6,4,9,10,7,5,5,5,3,1,1,3,4,0,4,3,1,2,1,1,0,3,0,0,0,1,0,1,2,0,2,1,1,0,2,1,0,0,1,0,1,0,1,0,0,0,0,0,0,1
Quetzaltenango,2015,488.0,1775,138,1637,423,6,676,59,12,9,6,0,16,502,58,3,2,3,0,0,0,0,0,0,0,0,0,1,1,0,0,0,5,12,24,36,57,55,77,63,69,73,76,76,60,70,62,54,80,61,57,49,46,55,50,35,48,43,45,21,29,26,11,17,13,19,15,20,16,11,11,6,11,5,6,5,8,9,10,5,2,3,6,4,2,6,3,3,3,4,2,2,1,2,1,1,0,3,0,0,0,0,2,1,1,0,1,0,0,0,0,0,0,0,0,0,0,8
Quiché,2015,183.0,1085,106,979,49,1,99,859,5,19,0,0,1,45,6,0,0,1,0,0,0,0,1,0,0,0,0,0,0,0,1,0,0,3,14,24,37,34,44,43,29,42,43,37,30,41,40,30,45,30,47,34,40,37,27,21,26,17,24,11,13,18,16,15,5,7,18,6,13,3,11,2,14,4,4,3,7,8,4,2,5,2,6,4,3,6,1,4,1,3,5,1,1,1,2,0,1,3,1,2,1,1,1,0,0,2,0,0,0,0,0,0,0,0,0,0,0,3
Retalhuleu,2015,189.0,1506,170,1336,109,2,785,101,24,11,3,0,8,411,41,3,1,7,0,4,7,3,4,2,3,4,6,1,4,5,2,8,13,20,19,29,34,40,59,51,64,65,54,66,51,51,61,54,51,46,42,40,36,46,24,34,43,25,29,23,20,28,15,23,14,13,12,11,11,12,12,8,7,4,10,9,10,8,5,5,3,3,4,5,0,3,3,2,1,0,2,2,2,1,0,0,0,0,3,0,1,2,1,0,0,0,5,1,1,0,0,0,0,0,0,0,0,1
Sacatepéquez,2015,152.0,1558,157,1401,120,2,687,59,16,8,2,1,12,596,44,6,0,5,0,0,0,0,0,0,0,1,0,0,1,1,1,0,2,13,12,27,47,34,48,60,57,60,48,63,49,69,77,48,65,45,57,56,41,53,36,42,45,32,34,26,20,19,16,23,14,14,15,9,17,9,13,7,13,10,6,6,6,5,7,4,5,4,3,4,4,3,2,0,4,1,3,0,1,1,1,0,0,0,0,0,2,0,1,2,1,0,1,0,0,0,0,0,0,0,0,0,0,32
San Marcos,2015,308.0,2003,184,1819,327,3,757,108,9,14,3,0,28,606,126,14,1,7,0,0,0,0,0,0,0,0,1,1,1,0,5,2,7,19,19,32,46,53,59,61,52,82,73,74,68,86,77,69,68,52,54,48,62,74,44,40,53,46,42,36,40,37,32,36,16,32,20,17,21,6,20,16,17,14,8,8,11,5,16,6,6,2,6,6,7,3,2,5,4,4,3,5,3,3,2,1,2,2,2,2,3,4,4,4,3,1,2,0,2,0,0,2,0,0,0,0,0,24
Santa Rosa,2015,218.0,950,79,871,97,1,360,126,7,5,4,0,1,273,70,2,0,4,0,2,0,0,0,0,0,1,1,0,2,0,0,5,4,7,15,17,26,34,41,31,44,48,38,45,34,43,32,37,41,13,35,26,26,27,21,14,26,15,11,7,20,13,6,6,7,8,13,9,7,2,6,8,10,4,3,5,5,3,6,4,2,6,1,2,2,0,1,1,1,1,3,1,2,4,0,0,1,0,2,0,0,0,0,0,1,0,0,1,1,0,0,0,0,0,1,0,0,2
Sololá,2015,70.0,636,78,558,149,2,234,22,3,0,0,0,3,200,21,0,1,1,0,0,0,0,0,0,0,0,0,0,0,0,1,2,1,3,7,10,14,21,17,20,21,31,26,23,19,18,20,16,32,10,31,15,22,27,16,8,17,16,10,11,6,9,13,15,8,7,4,3,4,0,5,8,2,8,10,4,0,3,1,1,3,2,1,7,1,2,0,0,3,0,1,2,0,2,1,0,1,1,1,0,0,1,0,1,1,0,0,0,0,0,0,0,0,1,0,0,1,7
Suchitepéquez,2015,217.0,2219,190,2029,256,8,1066,63,19,3,5,0,16,725,46,8,1,3,0,0,0,0,0,1,0,0,0,0,0,0,3,4,8,17,25,47,80,81,70,78,106,82,72,90,84,73,87,79,84,59,79,68,67,75,49,62,56,47,52,25,38,23,23,26,16,16,26,14,28,14,15,12,12,11,3,7,11,6,4,4,10,5,3,9,7,8,7,9,4,0,1,7,5,3,2,2,1,3,0,0,3,3,0,0,1,0,0,2,0,0,0,0,0,0,0,0,0,5
Totonicapán,2015,120.0,511,77,434,93,0,223,31,1,0,2,0,1,137,21,1,0,1,0,0,0,1,0,0,1,0,0,0,2,0,0,1,0,2,2,9,16,15,21,18,19,25,26,26,21,17,18,15,15,15,12,9,12,14,9,11,17,4,11,11,13,7,6,5,7,5,2,5,7,1,2,7,3,3,3,3,4,1,4,1,1,1,0,2,1,1,0,0,3,1,2,1,1,2,1,3,0,0,0,0,0,1,1,0,0,1,1,1,0,0,0,0,0,0,0,0,0,2
Zacapa,2015,188.0,609,54,555,76,1,281,14,5,0,3,0,11,193,22,3,0,0,0,0,0,0,0,0,0,0,0,0,0,0,2,0,3,6,10,9,18,20,17,20,24,33,21,23,25,22,21,20,25,13,23,18,16,21,14,9,13,11,10,10,12,9,10,9,4,4,5,5,3,4,3,2,3,4,3,2,1,2,2,1,1,0,3,2,1,4,1,0,5,0,2,1,2,0,0,2,1,1,1,1,1,2,0,0,1,0,0,1,0,0,0,0,0,0,0,0,0,11
Alta Verapaz,2016,114.0,3496,506,2990,442,8,1339,187,29,5,10,1,22,1145,273,14,0,21,0,4,1,0,3,0,0,1,2,1,1,4,3,4,10,23,41,85,85,99,112,122,134,126,122,111,126,149,137,136,137,108,122,119,86,122,95,82,80,68,89,41,72,67,32,60,45,25,29,13,39,20,27,11,25,18,13,16,19,13,20,8,14,6,11,10,6,8,4,3,11,4,2,6,5,4,0,5,1,2,1,3,0,1,1,5,1,0,0,0,0,1,0,0,0,0,0,0,0,18
Baja Verapaz,2016,115.0,746,71,675,119,2,253,9,8,1,1,0,7,316,27,2,0,1,0,0,2,0,0,1,2,1,2,0,1,1,1,2,3,9,9,13,14,27,25,26,37,29,33,28,23,18,30,31,24,30,30,18,21,19,24,12,8,18,11,8,15,11,5,13,7,11,4,6,5,1,7,1,4,4,6,5,7,5,2,0,2,0,0,3,0,2,1,2,1,1,1,1,1,2,1,0,0,3,1,0,0,0,1,1,0,0,0,0,2,0,0,0,0,0,0,0,0,10
Chimaltenango,2016,106.0,1678,166,1512,211,6,636,103,6,27,4,2,12,543,116,7,1,4,0,0,0,0,0,0,0,0,0,0,1,0,1,2,4,12,14,27,47,47,62,59,47,68,62,70,60,63,85,39,54,46,66,50,47,48,36,29,49,21,49,30,34,26,27,26,21,17,18,22,17,7,11,8,9,14,11,5,11,6,10,4,6,2,4,6,3,8,4,1,2,3,2,3,3,4,1,0,2,2,3,1,1,0,4,0,0,2,1,3,0,0,0,0,0,0,0,0,0,8
Chiquimula,2016,158.0,412,44,368,64,2,127,15,5,1,3,0,0,183,10,2,0,0,0,0,0,0,0,0,0,0,0,0,0,0,0,1,1,0,2,7,14,14,14,12,15,21,13,14,12,19,17,14,21,18,19,12,9,11,8,11,12,12,6,4,3,2,6,4,5,5,4,3,1,0,3,3,1,2,2,1,3,5,3,2,3,1,0,0,1,1,1,0,0,1,1,0,0,1,0,0,2,0,0,0,1,0,0,0,0,0,0,0,0,0,0,0,0,0,0,0,0,8
El Progreso,2016,95.0,674,140,534,39,2,214,43,1,3,0,0,8,296,63,4,0,1,0,0,0,0,0,0,0,1,0,0,1,0,1,3,1,2,7,10,10,17,15,34,18,30,21,19,24,19,24,20,23,20,29,23,19,19,14,22,23,12,16,12,17,10,7,8,6,12,12,2,12,3,2,5,3,2,1,4,3,3,0,0,5,5,5,3,4,1,1,1,2,1,1,2,0,0,1,1,0,2,1,1,2,2,0,0,0,0,0,1,0,0,0,0,0,0,0,1,0,10
Escuintla,2016,297.0,295,18,277,58,0,155,10,2,0,0,0,2,65,3,0,0,0,0,0,0,0,0,0,0,0,0,0,0,0,0,0,0,0,3,0,14,15,14,9,25,12,17,9,13,12,17,13,16,14,9,7,9,2,8,1,7,3,10,2,3,1,2,4,1,0,1,0,2,1,3,2,2,0,1,1,0,1,2,1,1,2,0,0,0,0,1,1,0,0,0,0,0,0,0,0,0,0,0,0,0,0,0,0,1,0,0,0,0,0,0,0,0,0,0,0,0,0
Guatemala,2016,2142.0,5912,593,5319,763,12,1656,207,34,28,12,0,243,2675,248,21,4,8,1,0,0,0,1,2,1,0,1,3,1,1,2,5,9,8,29,59,100,124,177,188,206,208,230,206,229,231,271,225,235,195,185,224,197,205,193,161,165,129,122,95,108,83,58,71,57,51,66,66,62,30,44,28,24,42,26,15,27,22,32,19,24,20,11,19,13,12,13,11,6,7,4,8,5,4,4,4,4,1,2,2,2,5,0,0,4,1,1,0,1,1,0,0,1,1,0,0,1,166
Huehuetenango,2016,176.0,1228,182,1046,192,5,551,81,12,3,0,0,5,311,57,8,0,3,0,0,0,0,0,0,0,0,0,0,2,5,1,3,9,9,19,31,33,39,34,40,44,54,37,48,46,35,42,36,36,44,37,29,32,29,36,31,29,19,31,21,25,15,15,19,10,4,11,9,10,7,9,6,14,13,4,8,10,7,6,5,4,8,6,3,3,1,6,4,3,1,2,5,4,5,1,2,2,4,0,2,0,0,1,3,1,1,0,0,0,0,0,0,0,0,0,0,1,7
Izabal,2016,189.0,586,45,541,2,0,306,60,7,2,0,0,5,178,26,0,0,0,0,0,0,0,0,0,0,0,0,0,0,0,0,1,0,2,11,10,17,20,19,17,26,20,27,20,20,17,29,22,27,19,23,17,24,22,15,11,15,16,15,12,5,6,6,10,6,11,4,5,3,2,2,4,2,3,3,1,2,3,2,1,1,0,1,0,0,2,0,1,1,0,0,0,0,0,2,0,0,0,0,1,0,0,0,0,0,0,0,0,0,0,0,0,0,0,0,0,0,2
Jalapa,2016,126.0,590,56,534,34,3,270,15,3,0,0,1,0,242,15,5,0,2,0,0,0,0,1,0,0,3,0,0,0,0,3,0,5,6,13,23,14,20,25,30,18,24,18,26,27,23,11,9,27,6,9,24,16,10,11,7,22,14,14,7,9,11,8,6,7,6,4,6,9,2,2,2,3,5,3,4,3,1,2,1,3,0,1,4,0,0,2,0,2,0,3,2,1,1,1,2,0,2,0,0,0,1,0,0,1,0,0,2,1,0,0,0,0,0,0,0,0,1
Jutiapa,2016,235.0,1031,126,905,77,2,340,58,8,6,1,0,8,479,46,3,0,2,1,0,0,0,0,0,0,0,0,0,1,1,0,2,3,3,16,17,42,34,34,29,38,42,43,33,28,28,30,34,36,25,31,22,27,19,17,18,24,13,26,12,14,13,16,14,15,12,9,6,15,8,10,9,9,6,3,5,5,6,10,5,5,4,5,7,2,2,4,6,6,3,0,3,2,3,3,1,3,1,0,0,3,1,1,0,1,0,0,1,1,0,0,0,0,0,0,0,0,45
Petén,2016,124.0,1275,88,1187,195,1,378,49,16,1,3,1,9,546,47,4,0,25,0,0,0,2,1,1,1,3,0,1,1,1,6,7,3,12,13,22,37,48,43,50,62,67,49,50,60,35,47,51,48,46,51,38,37,42,34,25,14,18,29,15,22,22,18,12,8,8,9,10,5,3,6,3,5,6,10,2,7,5,4,4,2,4,1,9,2,1,3,2,2,2,0,0,2,1,0,1,1,0,0,1,0,1,0,0,0,0,0,0,0,0,0,0,0,0,0,0,0,1
Quetzaltenango,2016,405.0,1882,156,1726,401,12,737,56,18,3,3,0,14,570,66,1,0,1,0,0,0,0,0,1,0,0,1,1,0,2,0,2,3,5,20,35,65,70,88,63,96,91,60,76,85,72,77,51,80,48,55,47,57,57,37,45,44,39,51,14,35,27,25,24,18,15,18,7,19,10,18,14,6,10,9,4,7,8,4,5,7,5,2,4,1,2,2,7,7,2,0,1,3,0,0,3,1,0,2,1,0,1,3,1,0,1,0,0,0,0,0,0,0,0,0,0,0,5
Quiché,2016,166.0,998,95,903,42,0,58,814,3,20,0,1,2,51,5,1,0,1,0,0,0,1,0,0,0,0,0,0,0,1,0,1,3,1,12,15,33,34,36,47,46,49,34,50,36,36,46,32,42,26,30,25,34,22,20,13,18,17,20,18,13,11,16,17,13,12,9,9,7,6,3,8,5,7,4,3,5,4,4,3,3,2,0,5,3,2,1,2,4,5,2,0,3,0,1,0,0,0,0,0,0,2,1,2,0,0,0,1,1,0,0,0,0,0,0,0,0,1
Retalhuleu,2016,187.0,1698,211,1487,156,7,827,78,21,5,10,0,6,501,71,9,1,6,0,7,2,3,6,5,9,3,10,8,5,8,8,11,15,10,24,27,53,55,57,66,59,66,60,91,63,47,74,43,52,60,60,32,54,52,47,33,39,24,21,14,28,36,18,19,8,19,19,11,15,5,11,7,12,5,15,7,5,7,2,6,3,1,6,2,4,6,0,5,2,5,6,1,4,1,0,0,2,0,1,1,1,3,2,1,0,1,1,0,0,0,0,0,0,0,0,0,0,1
Sacatepéquez,2016,133.0,1431,122,1309,94,9,718,46,12,2,0,0,7,518,19,5,1,0,0,0,0,0,0,0,0,0,0,0,1,1,0,2,3,8,8,14,31,43,43,57,45,56,60,74,55,64,71,53,54,47,56,38,38,45,30,29,30,23,25,15,22,20,19,19,10,19,12,7,10,10,18,10,7,18,3,5,4,1,4,2,3,2,6,11,4,0,3,1,2,0,2,3,0,0,0,0,0,1,1,0,3,0,0,0,0,1,0,0,0,0,0,0,0,0,0,0,0,49
San Marcos,2016,233.0,2039,184,1855,439,6,753,123,16,7,5,1,20,561,96,6,2,4,0,0,0,2,2,1,2,0,1,0,1,1,2,2,8,10,20,38,54,61,60,68,75,76,48,84,79,67,74,63,91,58,76,63,40,77,47,52,46,44,54,32,31,28,21,24,20,26,24,17,31,7,24,8,17,12,11,4,13,10,10,5,7,6,5,7,4,5,2,6,3,1,4,3,1,5,4,0,0,0,3,4,1,1,0,3,0,0,2,1,2,0,0,1,0,0,0,0,0,36
Santa Rosa,2016,179.0,1022,92,930,65,0,421,116,7,0,0,0,6,352,52,2,0,1,0,0,0,0,0,1,0,0,1,1,0,2,1,0,4,10,9,15,31,32,47,53,42,51,34,42,46,36,44,36,47,29,33,22,33,25,36,31,19,15,25,16,11,12,11,7,5,9,9,5,6,4,6,6,4,4,0,3,3,2,3,5,6,2,3,2,5,3,2,3,1,3,1,2,1,0,0,1,0,0,0,0,0,0,1,0,0,0,0,0,0,0,0,0,0,0,0,0,0,2
Sololá,2016,63.0,544,68,476,112,1,206,25,11,1,1,1,3,162,20,1,0,0,0,0,0,0,0,1,0,0,1,1,1,0,1,1,2,2,4,13,8,22,15,16,20,20,26,21,15,18,16,13,24,11,13,15,14,16,16,10,20,8,15,10,12,12,6,6,10,3,8,6,7,2,4,4,6,2,5,1,1,2,2,2,1,3,0,4,1,4,0,1,3,0,2,0,0,1,1,2,1,0,1,1,0,0,0,0,0,0,0,0,0,0,1,0,0,0,0,0,0,7
Suchitepéquez,2016,188.0,2243,221,2022,319,6,1017,78,18,4,3,0,31,672,77,11,2,5,0,1,0,0,1,1,0,0,0,0,1,1,3,4,6,20,41,53,52,56,59,79,85,90,87,113,81,78,92,82,96,77,74,73,68,58,60,35,50,45,46,38,26,37,29,23,11,14,30,19,23,6,11,11,8,10,10,6,7,10,9,9,9,7,7,6,3,1,4,1,3,4,2,4,6,2,3,4,1,0,6,0,1,1,2,1,0,2,1,0,0,0,0,0,0,0,0,0,0,47
Totonicapán,2016,86.0,484,59,425,44,1,230,38,2,0,2,0,1,99,67,0,0,0,0,0,0,0,0,0,0,0,0,0,0,0,0,0,0,1,5,5,13,16,19,21,27,19,21,21,23,13,12,10,12,16,11,13,10,11,16,13,12,14,10,3,10,6,14,11,3,7,6,2,5,1,5,3,3,3,2,1,5,1,0,0,0,0,1,0,3,3,0,0,2,1,1,3,0,3,0,0,0,0,0,0,2,0,0,0,1,0,0,0,0,0,0,0,0,0,0,0,0,9
Zacapa,2016,148.0,539,42,497,48,1,253,36,8,1,2,0,4,169,15,2,0,0,0,0,0,0,0,0,0,0,0,0,0,1,0,0,2,0,5,9,15,11,17,12,16,29,17,21,24,26,24,17,26,23,14,15,11,11,15,11,16,13,8,8,8,4,4,6,8,5,3,6,4,3,6,7,2,3,2,1,4,1,2,2,0,2,1,0,0,1,3,1,5,1,2,2,1,1,1,2,0,0,0,0,2,2,0,0,0,0,1,0,0,0,0,0,0,0,0,0,0,13
Alta Verapaz,2017,112.0,4220,702,3518,593,5,1468,161,29,2,14,0,27,1593,284,18,1,24,1,4,1,0,3,2,2,0,1,2,3,4,3,5,23,19,32,77,111,138,155,175,171,165,167,158,135,168,163,149,175,125,126,116,88,133,109,114,107,79,102,66,63,54,54,79,56,53,39,23,47,27,20,20,16,23,19,11,19,15,21,12,15,14,7,15,4,5,9,3,13,4,6,3,5,5,4,2,7,1,4,3,1,1,2,3,1,0,0,0,0,0,0,0,0,0,0,0,0,36
Baja Verapaz,2017,117.0,635,68,567,74,1,204,21,9,1,0,0,2,294,21,4,1,3,0,0,0,0,0,0,0,0,1,0,0,0,0,3,3,1,5,14,14,16,27,19,31,27,27,28,24,28,34,24,22,16,21,21,16,27,9,17,15,11,12,7,6,5,8,7,6,8,2,3,3,9,4,2,3,1,4,3,2,5,1,3,0,2,2,1,2,2,0,0,4,0,0,0,1,0,0,0,1,1,0,0,0,1,0,0,0,1,0,0,1,0,0,0,0,0,0,0,0,11
Chimaltenango,2017,129.0,1643,186,1457,141,6,646,113,10,32,1,0,2,554,120,6,7,4,1,0,0,0,0,0,0,0,0,0,0,1,0,2,6,8,12,32,43,47,71,70,64,78,51,60,44,59,68,52,56,53,61,37,31,53,28,46,36,35,47,33,37,26,19,22,11,28,20,13,18,9,10,7,3,15,5,6,13,5,2,6,6,3,2,6,4,3,9,5,1,7,5,0,4,4,2,2,2,1,0,1,2,1,1,1,1,2,0,0,0,0,0,0,0,0,0,0,0,9
Chiquimula,2017,164.0,449,62,387,52,0,126,17,3,2,0,0,3,231,12,1,0,2,0,0,0,0,0,0,0,0,1,0,0,0,1,0,3,5,5,12,8,19,10,17,14,17,21,15,16,16,23,14,13,12,11,15,15,12,10,6,14,6,12,9,5,3,8,5,6,6,2,3,4,2,3,2,1,1,5,5,1,2,4,2,1,0,3,1,1,0,0,0,0,1,1,1,1,1,0,0,2,0,0,1,0,0,1,1,1,0,0,0,0,0,0,0,0,0,0,0,0,10
El Progreso,2017,108.0,807,141,666,31,4,292,31,1,2,0,0,4,376,64,1,0,1,0,0,0,0,0,0,0,1,0,0,0,1,1,0,1,4,7,12,20,14,23,28,33,37,28,26,32,37,34,36,30,17,26,26,15,14,29,22,22,14,11,16,15,10,10,9,14,10,12,10,10,6,1,5,3,5,2,3,2,5,4,4,2,5,2,2,2,3,2,0,4,0,2,1,1,2,0,0,1,1,0,0,1,1,0,2,0,1,0,0,0,0,0,0,0,0,0,0,0,15
Escuintla,2017,345.0,377,18,359,39,1,206,9,6,0,5,0,5,90,5,4,0,6,1,0,0,0,1,0,0,0,0,0,0,0,0,0,0,2,3,1,10,10,23,19,25,12,25,11,13,14,13,9,24,20,16,11,12,13,6,8,9,4,13,3,8,4,3,3,0,5,2,2,3,2,3,1,0,0,0,0,3,2,0,0,0,0,1,1,0,0,0,0,0,0,0,0,0,0,1,0,0,0,0,0,0,0,0,0,0,0,0,0,0,0,0,0,0,0,0,0,0,3
Guatemala,2017,2075.0,5293,620,4673,562,8,1379,162,29,14,8,3,249,2605,198,44,9,23,0,0,0,0,1,1,2,0,1,4,3,1,2,5,8,10,24,40,67,102,163,175,190,175,198,204,221,213,202,211,185,171,205,162,182,163,141,171,171,128,143,90,90,81,65,72,60,59,59,50,47,31,44,32,32,27,23,20,22,18,23,14,18,18,6,14,17,14,13,8,11,9,9,5,8,6,6,3,7,1,4,3,2,3,4,3,1,3,3,1,0,0,0,0,0,0,0,0,0,89
Huehuetenango,2017,187.0,1096,178,918,202,5,451,25,1,2,5,0,6,334,49,8,0,7,1,0,0,0,1,0,0,0,0,1,2,0,2,4,4,16,6,16,26,35,32,34,36,37,34,49,43,52,38,26,39,24,28,25,39,35,24,24,24,25,20,14,31,12,9,12,11,10,12,8,9,5,5,4,4,7,9,7,7,8,10,8,4,2,5,4,5,5,7,3,2,5,6,2,0,6,6,4,0,2,3,1,1,0,2,0,0,0,1,1,1,0,0,1,0,0,0,0,0,14
Izabal,2017,244.0,647,56,591,11,0,281,97,6,8,0,0,3,204,35,0,0,2,0,0,0,0,0,0,0,0,0,0,1,1,0,0,1,2,6,8,22,22,18,25,39,26,31,26,26,21,19,30,26,24,25,26,28,13,14,22,14,8,12,12,10,9,9,3,4,4,7,6,4,4,4,2,1,3,3,7,1,1,1,1,1,0,4,1,1,0,1,0,1,0,1,0,0,0,0,0,1,0,0,0,0,0,0,0,1,0,1,0,0,0,0,0,0,0,0,0,0,2
Jalapa,2017,131.0,698,71,627,48,3,234,16,10,2,0,0,3,361,18,3,0,0,0,0,0,0,0,0,0,2,1,1,0,0,0,2,6,7,7,15,13,18,41,24,28,22,27,33,24,25,26,21,25,18,22,15,21,19,14,20,13,10,12,5,13,15,4,8,7,10,14,8,9,0,6,6,4,6,2,5,4,5,1,2,4,0,2,2,3,4,3,1,1,1,2,0,2,1,0,1,0,0,0,0,2,0,0,0,0,0,0,0,0,0,0,0,0,0,0,0,0,3
Jutiapa,2017,180.0,1094,165,929,66,0,376,55,10,3,0,0,9,501,70,2,0,2,0,0,0,0,0,0,0,0,0,0,0,1,1,3,4,4,13,21,16,33,37,48,27,49,32,38,28,31,41,31,39,32,29,23,28,31,24,27,24,21,25,17,19,13,19,10,10,14,16,10,12,10,4,8,10,11,6,4,4,8,4,4,5,3,12,10,8,1,2,6,4,0,2,1,3,6,0,4,2,1,2,2,2,0,0,1,1,0,0,0,0,1,0,0,0,0,0,0,0,41
Petén,2017,154.0,1078,84,994,202,3,303,27,6,2,1,0,5,479,37,4,0,9,0,0,0,1,1,0,1,1,0,0,0,1,2,3,4,14,13,19,35,39,34,44,35,46,44,43,38,46,41,41,38,31,42,39,29,33,23,27,23,17,23,16,24,21,8,14,9,10,6,11,5,9,7,4,3,4,3,5,2,1,3,3,1,3,4,1,4,3,2,0,2,2,0,2,1,0,2,0,1,3,1,0,1,0,3,0,0,0,0,0,1,0,0,0,0,0,0,1,0,1
Quetzaltenango,2017,459.0,1479,96,1383,341,1,557,35,11,3,2,1,3,476,43,2,2,2,0,0,0,0,0,0,0,0,0,1,0,0,0,1,1,2,6,17,34,35,68,64,67,71,62,69,56,38,61,52,67,44,47,38,38,48,41,41,38,24,28,22,22,24,14,21,18,19,16,13,18,6,14,7,7,7,5,5,2,3,11,4,3,4,2,4,2,3,3,4,4,2,1,1,1,2,1,1,2,3,1,1,0,1,0,1,0,1,0,0,0,0,0,0,1,0,0,0,0,13
Quiché,2017,130.0,691,85,606,16,4,64,513,3,9,1,0,1,65,13,0,0,2,0,0,0,0,0,0,0,0,0,0,0,1,0,1,0,4,9,16,14,26,22,29,27,31,26,29,20,20,24,17,28,22,19,19,21,16,23,11,15,16,16,9,14,9,6,17,8,7,8,6,5,6,4,4,5,6,3,0,4,5,4,1,3,4,4,3,0,1,1,2,2,4,2,0,1,1,0,2,0,3,0,1,1,0,0,0,1,0,0,0,0,0,0,0,0,0,0,0,0,2
Retalhuleu,2017,153.0,1501,202,1299,101,1,660,41,31,2,15,0,7,568,35,4,0,36,0,11,10,5,5,15,8,11,8,8,13,9,14,19,26,13,18,26,46,36,44,55,62,59,60,64,46,48,49,46,47,44,51,39,41,28,35,30,38,20,28,12,29,23,16,9,10,8,13,9,9,4,10,12,6,14,4,6,3,9,10,4,3,2,2,7,3,0,2,2,2,1,2,0,1,3,2,1,1,0,1,0,0,2,0,1,1,0,0,0,1,0,0,1,0,0,0,0,0,5
Sacatepéquez,2017,154.0,1593,151,1442,160,12,707,32,13,2,1,1,0,630,30,4,0,1,0,0,0,0,0,0,0,0,0,0,0,0,1,2,2,4,7,21,32,38,60,51,41,66,57,75,48,83,74,59,71,57,57,54,43,58,54,45,45,24,29,33,23,27,16,16,16,15,15,0,12,14,14,11,17,7,4,6,10,6,3,1,6,8,5,1,2,3,3,1,1,1,2,2,4,1,4,1,2,0,2,0,3,1,0,0,0,1,0,0,0,0,0,0,0,0,0,0,0,15
San Marcos,2017,296.0,1820,168,1652,405,2,674,62,18,4,4,0,11,552,73,7,0,5,3,1,1,1,1,0,0,1,0,0,1,1,1,2,5,7,15,31,43,46,44,43,82,87,78,62,67,61,85,56,71,40,37,45,48,65,44,56,47,42,38,29,38,28,22,30,22,32,16,12,27,11,15,13,10,11,14,7,8,7,11,6,3,4,4,3,6,2,4,5,5,7,6,1,4,3,2,3,1,1,2,1,1,1,1,1,0,2,0,0,1,0,1,0,0,0,0,0,0,21
Santa Rosa,2017,172.0,1088,137,951,52,0,323,67,4,0,0,1,2,551,78,4,1,4,1,0,0,0,0,1,0,0,0,0,5,0,0,0,3,6,6,17,27,32,48,39,47,63,30,43,32,41,46,35,34,31,25,27,42,37,18,28,20,24,27,15,14,11,13,19,14,18,12,15,5,7,9,5,11,10,6,7,4,3,4,5,6,5,5,1,3,3,2,1,4,0,0,1,1,1,0,1,1,0,0,1,1,1,0,1,0,1,3,0,0,0,1,0,0,0,0,2,0,1
Sololá,2017,67.0,548,75,473,142,2,162,25,2,2,0,0,4,182,25,0,2,0,0,0,0,0,0,0,0,0,0,0,0,0,0,0,1,5,7,13,15,20,16,12,16,19,21,21,20,23,27,22,16,11,16,12,12,15,18,7,19,15,12,8,7,8,4,8,7,7,9,4,9,1,5,2,6,1,1,1,5,1,1,0,3,3,3,1,1,1,2,4,3,2,2,3,0,1,2,0,1,1,0,3,0,0,0,0,1,0,1,0,0,0,0,1,0,0,0,0,0,3
Suchitepéquez,2017,158.0,2026,240,1786,281,2,688,89,11,10,1,0,20,782,126,6,2,8,0,0,0,0,0,0,0,0,0,0,1,0,0,2,2,10,13,31,57,63,65,68,75,103,78,70,93,98,62,52,77,54,69,58,42,61,50,49,50,42,44,35,41,40,19,28,19,23,17,21,24,8,19,9,15,8,6,5,6,3,10,5,5,8,9,7,6,1,3,2,3,4,5,2,1,4,2,2,0,2,2,2,2,5,1,0,0,2,0,0,0,0,0,0,0,0,0,0,0,46
Totonicapán,2017,108.0,452,53,399,84,0,183,18,3,2,3,0,2,149,6,2,0,0,0,0,0,0,0,0,0,0,0,0,0,0,0,0,0,0,1,8,9,15,19,10,22,21,19,19,23,19,15,18,17,17,10,9,12,12,9,14,15,14,9,10,7,2,5,11,2,4,4,2,2,3,2,1,2,5,0,1,1,1,1,2,4,2,1,4,0,1,3,0,0,0,0,1,0,0,0,2,0,0,0,0,0,0,0,0,0,0,0,0,0,0,0,0,0,0,0,0,0,10
Zacapa,2017,165.0,697,80,617,69,1,259,39,10,2,1,0,4,243,59,5,2,3,0,0,0,0,0,0,0,0,1,0,1,2,1,2,2,2,1,9,17,25,17,24,17,32,29,28,35,24,26,28,21,17,15,14,15,22,14,17,26,11,12,12,12,11,4,9,7,10,7,10,7,2,6,6,2,3,4,4,10,0,2,4,1,2,2,3,2,0,3,1,2,1,1,3,1,2,2,1,1,0,1,0,0,0,1,1,1,2,1,0,0,0,1,0,0,0,0,0,0,22
Alta Verapaz,2018,133.0,3892,703,3189,505,6,1274,183,9,2,6,2,27,1562,288,10,0,18,0,2,0,0,0,1,0,0,1,1,2,1,3,3,9,20,33,87,122,107,122,159,164,155,155,148,139,122,135,139,148,122,132,115,119,106,103,100,98,81,72,70,81,65,39,43,39,37,39,35,31,25,40,31,21,24,16,9,17,18,18,13,11,21,11,15,4,17,4,5,4,5,1,4,7,3,4,4,4,4,1,3,6,0,1,0,0,1,1,0,0,0,0,0,0,0,0,0,0,14
Baja Verapaz,2018,140.0,550,78,472,68,2,192,7,3,0,0,0,3,254,18,0,1,2,0,0,0,0,0,1,0,0,1,0,0,0,0,0,0,2,7,14,11,18,19,17,21,30,23,23,16,29,20,21,20,23,13,10,14,15,10,18,10,12,14,15,10,10,7,4,5,3,2,3,2,4,0,2,5,1,4,2,2,3,4,3,1,2,0,1,1,0,1,1,1,1,1,2,4,2,1,1,0,1,1,0,0,0,0,0,0,0,0,0,0,0,0,0,0,0,0,0,0,5
Chimaltenango,2018,147.0,1641,211,1430,168,4,605,110,12,30,1,0,9,592,101,3,2,3,1,0,0,0,0,0,0,0,0,0,1,0,1,0,2,8,16,27,37,46,54,49,57,75,59,63,52,63,57,56,91,39,46,46,47,47,41,36,56,35,44,24,30,15,18,24,21,11,18,9,19,11,11,12,12,7,8,9,7,8,12,6,9,7,9,8,2,8,6,2,4,3,2,5,2,1,1,2,1,2,3,0,0,3,0,2,0,1,1,1,0,1,1,0,0,0,0,0,0,11
Chiquimula,2018,174.0,554,73,481,62,0,152,24,5,1,0,0,5,272,29,3,0,1,0,0,0,0,1,0,1,1,0,0,1,2,1,0,6,3,4,9,21,14,26,13,19,26,18,18,22,13,31,18,11,16,15,14,14,15,14,14,12,14,6,9,11,4,4,4,4,6,4,3,8,2,4,5,3,3,4,2,2,2,6,1,3,2,3,3,2,3,1,0,2,1,1,2,0,0,0,0,2,1,1,2,1,1,0,0,0,1,0,1,0,0,0,0,0,0,0,0,0,17
El Progreso,2018,115.0,1023,195,828,51,0,368,49,6,2,0,0,11,451,78,6,0,1,0,0,0,0,1,0,0,0,0,1,0,0,1,0,0,6,10,12,24,22,42,30,33,44,32,35,37,39,41,28,36,29,26,43,22,25,17,15,25,23,23,19,25,20,21,19,13,12,14,8,7,6,7,5,6,11,6,5,11,5,4,4,5,5,4,5,4,6,2,0,4,4,0,5,0,3,2,2,2,0,1,0,0,0,1,0,0,1,1,0,0,0,0,0,0,0,0,1,0,15
Escuintla,2018,302.0,548,30,518,85,3,259,9,1,0,0,0,7,158,21,1,0,4,0,0,0,0,0,1,0,1,0,1,0,0,1,1,0,4,2,5,17,17,14,18,29,14,26,22,27,24,18,29,31,22,38,17,16,15,13,12,12,17,7,8,6,6,8,6,6,0,7,4,1,1,3,3,3,3,2,1,0,0,1,0,1,0,0,0,2,0,0,0,1,1,0,0,0,0,1,0,0,0,1,0,0,1,0,0,0,0,0,0,0,0,0,0,0,0,0,0,0,0
Guatemala,2018,2185.0,5357,660,4697,627,6,1329,197,38,19,10,0,247,2520,308,27,4,25,0,0,0,1,1,2,3,3,2,0,0,0,2,4,11,7,19,27,69,82,129,139,206,216,226,216,209,220,226,205,211,169,169,166,167,160,147,158,155,132,121,95,111,98,65,63,63,56,53,51,38,44,46,38,27,31,31,29,32,16,33,17,11,18,17,10,20,12,12,10,12,6,6,6,8,12,4,3,11,9,5,1,4,3,5,4,1,3,5,1,0,1,2,0,1,0,0,0,0,117
Huehuetenango,2018,193.0,1061,150,911,166,5,412,47,13,10,2,2,5,326,64,5,0,4,0,0,0,2,2,2,1,1,0,1,0,0,2,3,7,8,12,23,26,27,25,43,37,35,44,45,35,26,40,29,30,44,30,39,24,25,27,14,23,20,25,20,18,16,13,18,14,13,7,7,10,3,7,7,6,3,9,3,10,7,4,2,3,2,1,4,4,6,5,6,5,3,3,1,4,3,3,2,2,2,2,5,5,1,2,0,1,2,0,1,1,0,0,0,0,0,1,0,0,7
Izabal,2018,241.0,792,73,719,7,0,366,69,12,3,1,0,4,285,45,0,0,0,0,0,0,0,0,0,0,0,0,0,0,0,1,0,2,2,5,14,18,21,25,29,43,37,29,33,32,41,27,27,32,23,28,18,18,20,21,23,17,12,19,6,20,16,11,14,9,8,9,9,9,6,1,6,5,4,3,6,3,1,3,0,4,1,1,1,0,4,0,0,1,1,4,2,2,0,0,1,1,1,1,0,0,1,0,0,0,0,0,0,0,0,0,0,0,0,0,0,0,0
Jalapa,2018,148.0,535,61,474,33,1,188,24,6,1,0,0,1,254,24,2,0,1,0,0,0,0,2,0,0,0,0,1,0,0,0,2,3,5,9,19,14,23,27,27,22,27,17,18,14,15,18,21,10,9,9,10,9,12,16,12,11,9,12,8,2,12,6,5,4,4,12,3,4,5,7,6,1,4,6,3,1,1,4,2,7,0,1,1,1,1,1,3,0,0,1,1,1,0,0,2,1,0,0,2,3,1,0,0,0,1,0,0,0,0,0,0,0,0,0,0,0,4
Jutiapa,2018,251.0,1265,186,1079,91,1,449,82,4,4,1,0,5,556,70,0,0,2,0,0,0,0,1,0,0,1,0,1,0,0,0,1,2,3,11,21,25,37,41,32,43,47,43,40,43,35,32,40,47,39,49,37,20,34,36,31,34,24,21,16,26,24,20,19,16,19,14,12,16,16,17,6,13,5,12,6,11,4,5,7,6,4,5,6,5,5,4,2,9,5,6,2,7,2,3,2,3,2,1,1,1,2,1,1,0,0,1,1,1,0,0,0,0,1,0,0,0,21
Petén,2018,167.0,799,69,730,100,2,225,23,4,1,4,0,3,394,27,5,0,10,1,0,0,0,0,0,0,1,0,1,1,1,0,4,1,1,9,17,28,29,29,31,29,40,29,32,28,30,24,25,36,21,23,20,30,21,21,19,16,18,15,6,16,12,9,12,8,9,8,14,8,6,3,8,3,2,7,6,5,4,3,0,2,1,2,1,2,0,2,2,1,0,1,0,0,1,1,0,0,0,0,0,0,2,0,0,1,1,0,0,0,0,0,0,0,0,0,0,0,0
Quetzaltenango,2018,536.0,1573,98,1475,166,2,792,45,7,12,1,0,8,487,51,2,0,0,0,0,0,0,1,0,0,0,0,0,0,0,0,0,1,4,10,19,44,45,51,66,72,66,62,85,54,59,81,63,59,49,58,52,38,56,34,37,34,22,28,22,33,27,13,13,16,12,13,11,20,8,10,4,12,16,6,5,7,6,7,2,7,6,3,6,3,1,2,3,3,2,2,3,0,2,1,2,1,2,0,1,1,0,1,0,0,0,1,0,0,0,0,0,0,0,0,0,0,7
Quiché,2018,197.0,583,65,518,3,3,90,407,1,8,0,0,1,40,26,3,0,1,0,0,0,0,0,0,0,0,0,0,0,0,0,0,2,2,5,7,15,22,24,15,31,19,31,22,21,26,23,21,24,14,18,18,16,17,11,10,13,11,13,17,11,6,6,5,9,3,4,6,6,8,4,2,4,1,1,3,5,1,1,4,3,0,3,2,2,2,1,0,0,2,1,0,0,1,0,1,0,0,1,0,0,2,0,0,0,0,0,0,1,1,0,0,0,0,0,0,0,2
Retalhuleu,2018,153.0,1391,180,1211,60,0,650,73,14,2,9,0,12,479,55,7,0,30,0,8,2,1,5,11,8,6,12,5,5,6,8,17,24,9,20,21,30,34,39,49,44,54,54,65,59,50,59,41,45,32,46,39,39,44,24,26,53,30,32,17,30,21,18,14,12,10,16,5,6,7,5,6,6,5,2,6,14,6,2,0,2,3,2,2,1,2,0,0,2,1,0,0,0,0,1,0,0,0,0,0,0,0,5,1,1,1,2,0,0,0,1,0,0,0,0,0,0,0
Sacatepéquez,2018,153.0,1754,157,1597,197,6,709,39,15,2,4,0,11,736,23,4,0,8,0,0,0,0,0,0,0,0,0,1,1,1,0,1,5,6,17,25,39,49,61,50,59,84,64,62,59,58,80,76,81,45,52,55,57,57,51,55,49,32,49,27,23,26,22,25,12,8,20,9,21,9,14,17,6,9,11,9,5,6,8,4,5,0,6,3,2,10,7,2,1,0,4,0,4,2,5,1,1,0,0,1,0,3,2,0,0,1,0,0,0,0,0,0,0,0,1,0,0,21
San Marcos,2018,274.0,1762,153,1609,438,5,572,52,11,2,4,0,7,603,58,2,1,5,2,0,1,0,0,0,0,0,0,0,1,1,4,7,1,6,11,30,43,45,58,44,65,82,57,70,51,61,48,57,86,50,58,51,43,53,39,46,41,44,43,26,31,26,21,28,10,20,23,14,22,11,14,13,10,23,4,10,10,13,13,7,8,8,6,7,4,5,6,5,4,1,6,6,7,1,4,1,0,1,0,3,4,2,0,1,2,0,2,0,0,0,2,0,0,0,1,0,0,19
Santa Rosa,2018,174.0,1235,157,1078,53,1,368,118,7,16,2,0,3,545,102,14,4,2,0,1,0,0,0,1,0,0,2,2,0,2,1,1,2,8,5,18,32,39,39,46,50,71,42,37,46,50,53,48,34,34,40,30,29,31,39,30,32,31,38,14,25,18,9,14,13,16,11,7,10,6,10,5,7,3,8,7,10,5,7,3,1,3,4,4,4,3,2,6,2,3,1,3,4,4,3,2,0,1,3,1,1,0,0,4,1,1,1,0,0,0,0,0,0,1,0,0,0,0
Sololá,2018,71.0,490,77,413,91,1,156,35,3,1,0,0,0,169,33,0,0,0,1,0,0,0,0,0,0,0,0,0,0,0,0,1,0,3,7,15,11,14,12,16,20,15,19,16,16,16,12,12,17,12,13,18,13,15,7,17,16,12,9,7,9,2,5,10,2,7,5,9,7,1,2,6,3,8,6,5,3,3,2,1,3,0,5,2,2,1,3,3,2,0,1,2,0,1,0,2,1,1,0,0,0,1,0,0,1,0,0,0,0,0,0,0,0,0,0,0,0,2
Suchitepéquez,2018,205.0,2050,207,1843,370,4,626,53,12,5,2,0,32,808,131,1,0,6,0,0,0,0,1,0,0,0,1,0,1,1,1,1,5,5,17,23,63,58,80,71,92,79,104,84,54,77,79,65,78,55,52,77,54,67,57,41,45,40,45,26,44,33,22,26,18,21,13,15,18,9,14,17,20,12,10,7,4,8,10,3,10,6,9,7,9,5,6,2,6,2,3,7,4,3,3,1,1,1,4,1,1,0,0,4,0,0,1,0,0,0,0,0,0,0,0,0,0,31
Totonicapán,2018,135.0,388,35,353,68,0,147,4,4,0,1,0,0,157,7,0,0,0,0,0,0,0,0,0,0,0,0,0,0,0,0,0,0,0,2,10,12,9,12,21,15,23,13,9,14,15,18,16,12,8,7,9,17,7,9,8,7,6,12,5,12,10,7,5,5,3,2,3,1,2,4,1,1,0,3,2,0,0,1,1,2,1,1,0,2,1,1,2,0,0,2,0,0,1,0,0,0,1,0,0,1,0,0,0,0,0,1,0,0,0,0,0,0,0,0,0,0,13
Zacapa,2018,161.0,633,94,539,62,1,200,43,3,0,0,0,2,246,72,2,0,2,0,0,1,0,0,1,0,0,0,0,0,1,0,1,0,3,9,10,12,15,21,23,22,31,22,26,13,20,25,36,20,16,25,19,17,16,15,18,26,6,15,7,8,12,7,4,5,6,6,7,5,2,6,3,7,1,5,1,1,1,4,2,3,1,4,2,2,0,2,1,6,3,0,1,0,1,0,0,1,1,3,0,0,1,1,1,0,0,0,0,0,0,0,0,0,0,0,0,0,14
Alta Verapaz,2019,135.0,4364,813,3551,675,12,1503,135,22,2,7,0,23,1716,218,20,1,30,0,0,0,0,4,0,1,1,2,2,3,4,4,4,15,22,43,74,137,130,129,141,165,188,185,166,168,137,168,178,156,108,143,139,121,128,86,107,104,107,95,70,93,61,58,56,38,43,42,37,29,32,24,25,29,19,23,16,16,14,23,20,10,14,14,18,11,19,9,10,10,15,5,3,4,8,3,4,3,5,6,5,0,3,1,2,1,0,0,0,0,0,0,0,1,0,0,0,0,47
Baja Verapaz,2019,158.0,833,153,680,97,0,240,1,2,0,4,0,1,458,24,0,0,6,0,1,2,0,2,3,0,0,2,1,1,1,1,2,4,4,5,12,17,27,32,27,44,32,34,31,31,35,31,26,23,21,26,32,25,12,18,21,19,23,11,12,10,6,14,14,9,8,13,3,4,7,5,3,7,10,1,4,8,6,1,3,3,4,6,4,0,2,2,1,3,1,2,0,0,1,1,1,2,1,0,0,0,1,0,1,1,0,0,0,0,0,0,0,0,0,0,0,0,9
Chimaltenango,2019,172.0,1737,220,1517,194,2,600,94,11,34,2,0,7,633,145,8,2,2,3,0,0,0,0,0,0,0,0,0,0,0,0,0,4,4,10,19,41,56,55,43,82,72,67,71,61,54,63,57,58,54,48,45,43,45,51,46,40,36,49,32,40,33,27,21,19,16,20,18,18,10,11,14,12,4,12,4,5,8,12,6,9,14,7,3,15,7,11,6,6,3,4,2,5,5,4,2,2,1,0,0,1,0,0,1,0,2,0,2,0,0,0,0,0,0,0,0,0,9
Chiquimula,2019,183.0,538,107,431,68,1,116,79,4,4,1,0,4,219,41,0,1,0,0,0,0,0,0,0,0,1,1,0,0,0,1,1,3,4,7,6,14,20,21,15,20,25,29,15,14,12,15,12,15,12,12,15,15,13,7,15,8,13,16,11,5,12,8,8,6,9,5,6,9,2,9,1,3,4,2,2,3,3,3,1,2,2,1,5,1,0,2,2,0,6,0,1,3,1,0,1,2,1,2,0,0,1,0,0,2,0,0,0,0,0,0,0,1,0,0,0,0,13
El Progreso,2019,146.0,1055,211,844,46,4,397,21,2,1,1,0,5,516,58,3,0,1,0,0,0,0,0,0,0,1,0,0,0,0,0,0,1,5,8,18,18,26,40,36,43,50,45,29,33,39,32,45,40,29,27,29,31,25,25,30,21,22,19,16,21,18,8,17,9,18,9,9,9,6,7,6,5,10,5,5,8,5,4,5,6,4,1,9,3,3,4,2,4,1,4,0,3,2,1,3,3,0,1,1,0,2,1,1,1,0,1,0,1,0,1,0,0,0,0,0,0,25
Escuintla,2019,389.0,1308,85,1223,202,2,557,37,11,5,4,1,25,428,26,3,0,7,0,0,0,0,0,0,0,2,0,0,0,1,0,1,2,2,4,10,34,46,43,49,66,50,63,66,51,52,50,66,57,60,42,36,43,45,31,29,38,41,28,9,20,19,16,14,11,13,7,8,8,10,5,5,6,8,4,4,3,2,1,0,3,3,1,2,1,1,1,4,1,1,2,0,0,1,0,0,1,1,0,0,1,0,0,0,1,0,0,1,0,0,0,0,0,0,0,0,0,1
Guatemala,2019,3491.0,5343,745,4598,502,7,1350,178,32,24,6,0,206,2521,471,28,6,12,0,0,0,0,0,1,1,0,0,0,1,1,3,4,4,2,18,34,80,84,131,130,174,212,182,205,180,229,203,224,202,178,178,179,164,141,170,151,139,137,141,92,103,101,82,79,59,72,65,51,42,50,53,23,44,33,23,33,32,17,24,26,17,26,17,20,28,13,15,11,14,10,10,7,8,4,6,4,8,5,6,3,4,5,6,0,3,4,5,0,1,0,1,1,0,1,0,0,0,93
Huehuetenango,2019,250.0,912,122,790,155,3,349,67,6,1,4,0,3,268,50,6,0,0,0,0,0,0,0,0,0,0,1,1,0,1,2,5,2,9,9,17,19,26,27,26,27,25,32,29,42,39,33,27,31,20,19,30,23,24,16,24,15,33,23,13,17,18,10,15,11,4,8,8,7,7,3,9,4,4,4,2,6,4,8,6,8,5,7,3,4,4,9,5,1,4,2,6,2,2,2,1,2,2,3,2,2,0,1,2,1,1,0,0,0,1,0,0,0,0,0,0,2,3
Izabal,2019,213.0,700,56,644,1,0,299,55,5,2,1,0,1,291,45,0,0,0,0,0,0,0,0,0,0,0,0,0,0,0,0,0,0,2,2,12,18,21,22,22,36,36,33,28,31,35,29,27,29,20,20,13,20,23,14,15,15,14,11,10,11,15,4,14,8,5,9,10,8,2,5,7,4,1,4,7,3,2,2,2,2,2,1,1,2,2,0,0,4,1,1,0,2,0,1,0,0,0,0,0,0,0,0,0,0,0,0,0,0,0,0,0,0,0,0,0,0,0
Jalapa,2019,186.0,385,43,342,29,1,129,13,0,1,1,1,1,201,5,2,0,1,0,0,0,0,0,0,0,0,0,0,0,0,1,1,0,3,2,6,8,15,16,18,16,13,11,19,10,14,16,17,15,9,10,6,9,7,12,9,11,8,7,5,6,3,2,5,5,6,3,3,2,6,2,3,1,4,3,4,0,4,3,1,0,2,3,1,1,1,0,2,1,0,0,1,1,2,0,0,0,0,1,0,1,1,1,0,0,0,1,0,0,0,1,0,0,0,0,0,0,4
Jutiapa,2019,234.0,1120,172,948,76,0,405,45,4,3,1,0,4,534,45,1,0,2,0,0,0,0,0,0,0,0,0,0,0,0,0,0,2,5,6,12,26,30,26,41,47,35,31,59,31,36,35,31,24,23,30,19,31,28,29,27,33,20,30,19,20,31,24,10,17,9,14,14,9,14,13,9,12,9,8,2,5,5,7,5,3,5,5,8,3,4,3,6,4,3,3,1,6,3,3,2,5,4,1,1,0,2,0,0,2,1,0,0,0,0,0,3,1,0,0,0,0,35
Petén,2019,189.0,822,62,760,131,1,225,30,6,0,0,0,1,401,18,3,0,6,0,0,0,0,0,0,0,0,0,0,0,1,0,2,3,4,5,12,23,18,31,37,24,34,38,35,30,33,29,31,38,15,32,28,23,19,21,21,23,18,20,14,14,10,9,7,11,13,11,9,0,9,6,5,4,2,5,3,4,0,4,3,3,2,2,4,2,1,3,2,0,2,1,0,0,1,1,1,1,1,0,0,0,0,2,1,0,1,0,0,0,0,0,0,0,0,0,0,0,0
Quetzaltenango,2019,655.0,1991,157,1834,207,3,965,22,25,10,2,1,20,678,50,6,0,2,0,0,0,0,0,0,0,0,0,0,0,0,0,2,1,4,13,22,51,57,69,68,72,71,66,90,80,78,75,78,108,69,77,69,63,62,41,43,64,40,58,22,33,30,14,21,19,18,22,19,25,12,9,10,8,7,9,14,6,9,8,5,3,4,6,4,1,7,1,3,4,0,1,1,0,0,2,3,1,0,1,1,2,1,1,0,1,0,1,0,0,0,0,0,0,0,0,0,0,31
Quiché,2019,205.0,595,88,507,18,1,183,278,4,1,0,0,2,60,40,2,2,1,3,0,0,0,0,0,0,0,0,0,0,0,1,0,3,4,3,13,12,12,12,13,28,28,21,25,29,23,22,24,24,16,25,18,14,16,14,12,14,8,13,6,13,14,6,7,5,7,8,5,5,3,5,4,4,2,1,2,4,0,4,4,3,5,0,2,1,4,2,1,1,1,0,1,2,2,2,2,2,1,0,1,2,1,0,0,0,0,0,0,0,0,0,0,0,0,0,0,1,2
Retalhuleu,2019,197.0,1801,294,1507,53,3,840,36,15,1,16,0,13,749,44,9,1,21,0,3,6,10,7,8,7,9,9,5,10,7,9,9,14,12,26,32,32,55,61,62,58,70,75,51,73,54,61,64,61,55,69,50,51,49,36,26,48,40,29,26,33,24,22,31,28,8,14,12,14,14,16,15,12,8,5,2,17,9,6,10,4,4,5,5,3,3,2,7,3,1,2,0,2,5,0,2,1,2,1,0,1,1,3,2,0,1,1,0,0,0,0,0,0,0,0,0,0,1
Sacatepéquez,2019,168.0,1274,140,1134,133,6,499,27,4,0,4,1,8,565,17,5,0,2,3,0,0,0,0,1,0,0,0,0,0,2,0,1,3,3,9,14,24,29,50,39,45,43,46,68,44,43,51,44,50,41,41,48,46,44,23,30,42,18,45,19,21,22,12,11,15,13,11,8,14,8,6,10,9,14,5,5,7,3,3,2,2,4,1,4,6,2,4,4,2,3,3,1,3,5,1,3,0,1,1,0,0,2,0,1,0,0,1,0,0,1,0,0,0,0,0,0,0,14
San Marcos,2019,315.0,1747,143,1604,475,2,491,33,5,1,0,0,8,698,27,3,1,3,0,0,0,0,0,0,1,0,0,0,1,2,3,1,5,6,11,18,36,49,58,52,53,63,57,70,64,58,62,53,72,49,48,51,49,51,51,45,38,44,45,22,36,38,29,28,21,16,20,17,10,7,15,7,13,14,4,11,9,15,20,4,9,6,4,9,4,3,6,3,3,2,4,4,4,4,3,4,3,4,1,1,2,0,1,1,0,0,1,1,2,0,0,1,1,0,0,0,0,34
Santa Rosa,2019,208.0,1276,142,1134,59,2,457,109,13,11,1,0,5,496,115,5,0,3,0,0,1,0,0,0,0,0,1,4,0,0,0,4,2,4,10,14,28,36,36,38,55,55,54,49,43,56,42,52,57,32,40,31,33,42,31,27,27,43,24,32,27,29,22,18,14,5,12,6,14,10,6,9,9,6,6,10,7,6,6,4,0,2,6,0,2,5,4,3,1,2,3,3,3,1,2,0,1,3,1,0,0,0,1,0,1,1,0,0,0,0,1,0,0,0,1,0,0,0
Sololá,2019,110.0,519,94,425,90,1,182,19,5,1,0,0,5,194,21,0,0,1,0,0,0,0,0,0,0,0,0,0,0,0,1,1,0,3,4,7,7,13,18,17,10,11,16,18,11,12,16,13,20,14,19,20,11,14,13,10,24,11,15,12,16,9,7,12,8,6,3,8,5,5,6,2,4,4,4,2,1,2,5,2,7,2,2,5,2,3,1,1,5,3,3,1,2,0,0,2,0,1,1,0,1,0,0,1,0,0,0,0,0,0,0,0,0,0,0,0,0,4
Suchitepéquez,2019,244.0,2010,215,1795,405,7,568,27,9,4,1,0,28,900,47,8,2,4,0,0,0,0,0,0,0,0,0,0,0,0,1,3,0,6,12,22,36,58,64,94,70,99,92,79,82,69,75,60,69,52,69,48,55,47,52,44,58,54,47,35,46,38,31,22,18,20,27,17,15,9,14,7,7,15,16,6,11,4,12,4,11,8,5,4,4,12,3,1,4,2,5,1,2,3,4,2,1,2,2,0,1,0,0,1,1,0,2,0,0,0,0,0,0,0,0,0,0,38
Totonicapán,2019,157.0,422,54,368,73,0,171,4,1,1,0,0,1,164,7,0,0,0,0,0,0,0,0,0,0,0,1,0,0,0,0,0,0,0,2,3,8,16,16,15,22,11,21,21,10,17,14,18,9,10,13,13,16,18,8,6,14,9,7,10,7,10,6,5,8,4,3,5,6,3,3,3,1,4,1,2,1,1,2,0,0,2,1,3,2,1,3,0,0,0,0,1,0,0,0,0,0,0,0,1,0,0,0,0,0,0,1,0,0,0,0,0,0,0,0,0,0,4
Zacapa,2019,198.0,767,132,635,136,3,186,33,4,0,1,0,14,309,72,2,0,7,0,0,0,0,0,0,0,0,0,0,0,0,1,3,4,2,2,4,19,23,36,17,22,23,37,30,36,26,26,26,41,28,24,24,19,19,18,13,22,17,19,13,15,10,12,8,8,3,6,5,8,2,1,4,4,5,5,4,2,3,2,0,0,2,6,5,4,3,1,3,4,2,1,3,2,0,1,1,3,3,0,1,0,0,0,1,0,0,0,0,0,0,1,1,0,0,0,0,0,18
Alta Verapaz,2020,102.0,3878,682,3196,534,12,1346,103,13,5,4,0,43,1569,221,10,3,14,1,0,1,1,0,0,1,1,2,0,2,0,3,5,7,22,49,69,88,106,128,140,151,155,127,171,148,135,122,128,149,113,120,142,100,119,91,97,101,83,97,65,79,59,57,54,41,35,43,20,39,30,28,26,21,22,13,22,22,13,19,17,10,15,7,10,15,7,9,4,15,8,3,8,2,4,3,1,5,3,0,2,4,2,2,1,0,5,2,2,1,0,0,0,0,0,0,0,0,29
Baja Verapaz,2020,50.0,915,155,760,107,2,297,17,1,0,1,0,2,433,48,1,0,6,0,0,2,0,0,0,1,1,0,0,2,2,3,1,3,5,5,16,11,19,43,33,38,32,39,30,30,49,36,17,29,24,26,29,25,24,19,24,19,19,16,16,22,18,15,12,18,10,14,10,6,7,7,0,8,6,4,4,10,7,5,1,6,4,2,2,5,1,2,2,2,1,1,0,3,2,0,0,0,0,0,0,1,0,0,0,0,0,0,0,0,0,0,0,0,0,0,0,0,9
Chimaltenango,2020,122.0,1861,206,1655,209,4,679,98,8,0,2,3,2,687,157,8,1,3,0,0,0,0,0,0,0,0,0,0,0,1,0,1,1,2,9,20,42,49,50,74,62,76,71,62,77,76,75,76,74,66,55,65,48,53,47,46,53,28,49,24,37,28,31,28,16,18,33,18,21,9,13,9,12,11,8,6,11,4,6,2,6,4,12,6,7,4,4,4,4,4,5,3,4,5,3,5,3,2,3,0,2,3,0,1,1,0,0,0,1,0,0,0,0,0,0,0,0,12
Chiquimula,2020,103.0,562,74,488,25,0,179,117,2,6,0,0,1,173,55,4,0,0,0,0,0,0,0,0,0,0,0,0,0,0,0,0,2,4,4,8,12,17,20,9,17,26,15,23,23,18,18,12,23,16,24,9,16,20,24,16,7,12,18,7,5,7,10,6,7,13,8,10,4,3,10,1,5,4,3,3,3,3,4,1,2,1,1,3,1,2,2,0,2,0,1,1,1,4,1,1,0,0,1,2,0,1,0,0,0,0,0,0,0,0,0,0,0,0,0,0,0,5
El Progreso,2020,68.0,879,190,689,24,1,318,9,4,1,0,0,4,475,36,2,0,4,1,0,0,0,0,0,0,1,1,0,0,0,0,1,2,5,3,10,19,30,25,30,36,30,31,25,31,31,22,26,43,39,25,16,29,16,19,17,24,12,17,11,16,16,20,8,13,7,11,9,14,9,16,5,8,6,7,5,9,3,3,7,4,4,1,5,4,1,2,3,2,2,1,2,5,2,1,0,1,2,0,1,0,0,0,0,0,1,1,0,0,0,0,0,0,0,0,0,0,15
Escuintla,2020,172.0,1196,69,1127,189,3,627,19,4,2,1,0,5,303,32,6,0,5,0,0,0,0,0,0,0,0,1,2,0,1,3,0,0,1,1,6,15,31,30,38,68,46,50,51,42,72,59,75,66,65,47,45,34,34,21,25,25,28,27,23,6,14,21,15,12,13,7,4,9,5,7,1,4,9,2,4,2,1,7,1,2,6,0,1,1,1,0,0,2,0,0,0,0,0,1,0,1,1,0,0,0,0,0,2,0,0,0,0,1,0,0,0,0,0,0,0,0,1
Guatemala,2020,1361.0,3418,491,2927,176,2,1017,182,22,28,6,0,84,1597,270,22,3,9,0,0,0,0,0,0,0,0,0,0,0,0,1,1,3,3,6,19,40,65,88,80,112,130,105,125,147,115,100,127,115,99,131,128,109,134,97,107,107,62,89,45,69,63,49,39,33,49,45,32,37,28,25,22,29,20,22,24,22,21,26,3,13,18,11,15,7,6,12,13,12,10,7,5,5,5,6,5,2,4,5,1,3,2,1,1,1,3,0,1,0,1,1,0,0,0,0,0,0,94
Huehuetenango,2020,138.0,830,102,728,158,6,212,67,4,5,3,0,3,254,112,4,1,1,0,0,0,0,0,0,0,0,1,2,1,2,2,2,2,8,12,10,20,17,22,34,26,31,31,35,26,32,28,17,25,23,32,18,21,21,26,19,14,23,19,20,13,17,12,14,5,5,12,6,12,4,3,6,5,2,6,3,5,5,7,3,6,4,4,7,7,0,3,1,3,4,1,5,0,1,2,1,3,1,2,0,0,1,1,0,0,1,0,1,0,0,0,0,0,0,0,0,0,4
Izabal,2020,134.0,688,67,621,0,0,408,44,6,6,1,0,1,203,19,0,0,0,0,0,0,1,0,0,0,0,0,0,0,0,1,0,0,4,2,5,14,14,26,18,28,35,34,38,40,32,20,20,33,12,25,20,24,20,13,14,16,8,24,12,13,12,7,10,6,10,7,3,6,5,4,5,0,2,5,5,2,2,4,1,5,1,1,4,1,4,2,1,0,0,1,2,0,0,0,0,0,0,0,1,1,0,0,0,0,0,0,0,0,0,0,0,0,0,0,0,0,2
Jalapa,2020,91.0,350,35,315,41,2,97,3,1,2,0,0,2,190,8,3,0,1,0,0,0,0,1,0,0,0,0,0,0,0,0,0,1,1,5,7,9,12,24,11,19,15,14,11,8,14,11,14,11,8,7,8,9,13,12,6,5,8,7,4,4,6,3,6,2,4,4,2,4,1,2,4,3,2,0,1,4,1,0,1,2,1,0,1,1,0,3,0,1,1,1,0,1,1,0,0,0,2,0,0,0,0,0,1,0,0,0,0,0,0,0,0,0,0,0,0,0,5
Jutiapa,2020,154.0,1293,231,1062,111,2,336,33,5,3,2,0,7,728,59,4,0,3,0,0,0,0,0,0,0,0,0,0,0,0,0,0,2,7,9,20,25,41,37,33,34,50,25,41,34,49,43,45,30,28,32,41,21,35,24,36,29,25,29,20,27,22,24,20,13,17,20,11,19,10,14,8,9,15,10,13,14,16,12,14,9,5,7,10,5,7,2,7,4,3,9,5,7,5,3,4,2,2,2,0,1,1,2,2,0,2,0,0,0,0,0,1,3,0,1,0,0,29
Petén,2020,106.0,793,54,739,109,2,231,27,4,0,3,0,2,373,29,4,0,9,0,0,0,0,0,0,0,0,0,1,0,1,2,2,1,7,6,15,26,22,32,25,23,40,35,31,25,35,35,35,37,32,29,25,27,17,17,14,9,20,9,16,11,11,9,9,11,5,12,3,8,1,4,8,3,7,6,4,0,3,3,3,1,2,2,4,1,2,0,0,1,0,1,0,0,1,0,0,2,0,1,0,0,1,0,0,0,0,0,1,1,0,0,0,0,0,0,0,0,0
Quetzaltenango,2020,375.0,1713,137,1576,374,2,649,25,10,8,3,1,15,592,27,2,1,4,0,0,0,0,0,0,0,0,0,0,0,0,1,1,0,6,5,15,37,45,54,62,70,76,59,82,68,83,70,70,81,47,67,40,46,61,46,35,39,42,46,31,28,18,13,29,18,16,12,15,18,16,15,14,8,8,6,8,5,6,3,2,4,8,1,0,2,3,5,1,5,2,2,3,2,0,2,5,2,0,1,0,2,0,1,0,0,2,0,1,0,0,0,0,0,0,0,0,0,16
Quiché,2020,147.0,369,37,332,15,1,114,223,2,5,0,0,0,6,2,0,1,0,0,0,0,0,0,0,0,0,1,0,0,0,0,1,0,3,2,11,7,7,10,6,12,20,16,10,17,18,15,14,14,14,14,14,11,12,6,3,10,5,4,7,9,2,8,7,5,3,4,4,2,1,2,2,1,0,2,2,0,1,5,0,1,3,2,1,3,2,0,1,3,1,2,0,2,0,0,0,0,0,0,1,0,1,0,0,1,0,0,0,1,0,0,0,0,0,0,0,0,0
Retalhuleu,2020,119.0,1526,223,1303,39,5,645,20,3,2,6,0,21,705,34,13,0,33,0,7,4,2,6,5,4,8,8,11,10,6,10,6,12,12,15,19,36,26,37,44,51,74,65,64,39,52,60,48,52,44,57,51,39,51,41,36,33,46,36,16,24,33,10,25,18,19,12,10,11,12,6,11,5,14,9,7,6,9,3,3,3,6,2,3,2,2,0,2,2,1,2,2,0,2,0,1,0,0,0,0,2,0,1,2,0,0,1,0,0,0,0,0,0,0,0,0,0,0
Sacatepéquez,2020,85.0,1386,166,1220,122,2,623,25,7,2,1,1,6,563,28,4,0,2,0,0,0,0,1,0,0,2,0,1,1,3,1,2,2,3,4,16,35,33,39,37,46,54,49,68,52,47,47,54,59,53,55,46,39,45,34,29,44,25,30,24,24,16,21,21,13,13,14,10,13,8,9,13,7,12,5,11,9,2,5,5,3,4,7,9,5,3,4,1,1,1,3,2,1,2,2,5,3,1,0,0,0,0,1,1,1,0,0,1,0,0,0,0,0,0,0,0,0,14
San Marcos,2020,206.0,1692,149,1543,326,5,603,32,4,0,2,0,14,667,32,1,0,6,0,2,1,1,0,0,2,0,1,3,1,1,2,3,7,8,8,28,36,42,51,61,54,61,65,59,64,54,66,55,70,38,59,40,41,46,39,29,44,44,44,30,35,32,20,34,15,20,22,20,14,11,16,12,3,11,8,7,9,8,13,6,10,4,5,8,2,5,3,4,7,3,8,3,4,2,7,0,1,1,1,4,2,1,1,2,1,1,1,2,1,0,0,1,0,0,0,0,0,21
Santa Rosa,2020,164.0,1212,158,1054,110,4,383,138,4,10,0,0,4,404,153,1,0,1,0,0,0,0,0,0,0,0,0,1,2,2,2,3,4,7,12,9,32,23,36,31,37,49,34,47,35,39,60,49,59,28,46,48,40,20,27,29,33,34,28,14,27,20,14,13,13,14,10,11,13,14,12,12,7,10,8,5,8,5,7,5,5,4,5,5,8,3,1,3,0,2,5,5,2,4,1,3,2,1,2,2,0,0,0,0,1,0,0,0,0,0,0,0,0,0,0,0,0,0
Sololá,2020,41.0,522,106,416,78,0,186,9,3,1,0,0,1,229,14,1,0,0,0,0,1,0,0,0,0,0,0,0,0,1,0,1,1,0,5,7,11,6,11,15,22,20,13,13,13,15,18,17,10,12,16,22,9,13,15,7,15,10,16,6,12,12,7,8,3,8,11,8,12,4,9,3,4,3,3,5,5,2,7,3,4,2,1,3,4,4,2,4,5,2,1,5,1,3,0,1,1,0,1,1,0,0,0,0,0,0,1,0,0,0,1,0,0,0,0,0,0,5
Suchitepéquez,2020,157.0,1838,208,1630,414,4,462,22,8,0,0,0,23,849,47,7,0,2,0,0,0,0,0,0,0,0,0,0,0,0,0,1,1,5,5,13,39,50,77,67,59,63,74,74,64,69,57,50,82,55,64,68,48,57,29,50,65,57,40,23,39,24,16,23,17,25,29,24,9,11,17,12,11,10,14,7,9,13,7,6,4,5,2,9,5,4,5,1,7,0,3,2,2,8,4,1,2,0,2,1,2,1,2,1,0,1,0,2,0,0,0,0,0,1,0,0,0,32
Totonicapán,2020,88.0,461,47,414,53,1,203,6,0,1,0,0,0,188,7,1,0,1,0,0,0,0,0,0,0,0,1,0,0,0,1,1,3,0,1,4,4,10,13,17,14,26,14,19,19,18,20,15,18,9,17,17,12,13,10,11,8,9,12,5,13,8,7,10,7,5,4,7,3,3,4,3,3,4,2,2,3,1,5,0,4,2,3,2,1,2,3,0,3,0,0,0,0,1,0,0,0,1,1,0,0,0,1,0,0,0,0,0,0,0,0,0,0,0,0,0,0,2
Zacapa,2020,91.0,863,138,725,150,0,206,42,1,1,1,0,11,359,80,6,1,5,0,1,1,0,0,0,0,2,0,1,2,0,1,1,4,5,5,10,25,17,30,21,32,31,32,26,30,42,33,27,31,31,23,29,27,31,21,30,16,13,17,7,17,16,7,10,5,9,3,11,10,8,4,4,8,8,1,7,3,4,6,6,6,4,3,4,3,2,3,1,3,1,2,0,2,3,1,0,0,0,1,0,0,0,0,1,0,1,0,0,0,1,0,0,0,0,0,0,0,19
Alta Verapaz,2021,194.0,4404,855,3549,520,16,1507,135,18,8,0,0,48,1915,211,14,1,11,0,1,0,0,1,0,1,2,1,3,2,0,3,6,17,18,32,68,89,126,132,134,174,172,155,170,169,161,159,133,161,150,142,147,119,133,107,119,120,89,107,67,96,68,63,71,59,51,46,33,42,30,33,26,22,21,16,25,28,18,26,16,17,18,10,18,14,14,13,10,12,2,6,5,2,6,3,4,4,5,8,2,2,1,2,2,3,2,0,0,1,0,0,1,0,0,1,0,1,35
Baja Verapaz,2021,171.0,1203,183,1020,120,2,352,10,2,0,3,0,11,627,71,2,0,3,0,0,1,1,0,1,0,0,1,2,0,2,0,4,2,3,13,9,26,29,49,43,43,48,37,42,42,45,50,43,40,31,32,34,38,42,33,32,31,26,40,21,18,16,13,18,14,15,8,18,9,6,8,6,9,8,8,3,6,5,7,1,8,7,2,4,1,7,2,1,3,3,4,0,1,0,0,0,1,1,1,2,3,1,0,0,0,0,0,0,0,0,0,0,0,0,0,0,0,19
Chimaltenango,2021,258.0,2134,242,1892,186,0,769,78,15,3,3,2,5,903,157,7,2,2,2,0,0,0,0,0,0,0,0,0,0,1,0,2,3,3,11,29,33,40,49,66,72,80,69,58,94,82,104,70,88,56,80,74,55,51,62,54,71,44,59,50,50,50,38,28,25,23,35,13,29,15,21,14,13,9,8,6,10,8,15,10,13,6,11,6,3,11,8,7,4,1,3,4,1,4,4,3,1,3,1,1,1,0,2,1,0,1,1,0,1,0,0,0,0,0,0,0,0,2
Chiquimula,2021,269.0,511,71,440,58,0,116,21,3,0,0,9,1,278,24,0,0,0,1,0,0,0,0,0,0,0,0,0,1,1,1,0,2,3,2,6,5,9,25,16,15,18,16,18,15,17,19,20,13,12,11,12,11,13,15,10,11,10,12,7,14,9,11,8,3,11,3,4,8,7,7,4,2,4,3,1,3,4,6,2,5,2,1,6,3,3,4,3,3,4,1,2,1,2,1,0,0,1,0,1,0,0,0,0,0,0,1,0,0,0,0,0,0,0,0,0,0,7
El Progreso,2021,206.0,1244,302,942,68,0,293,22,0,0,1,0,4,712,141,0,0,2,1,0,0,0,0,0,0,0,0,0,0,0,2,1,1,4,8,12,30,30,35,51,43,45,35,37,41,38,30,35,29,38,43,38,39,22,45,31,35,26,34,28,30,28,14,12,14,16,18,7,17,7,11,11,14,5,7,10,6,8,7,2,7,4,9,6,4,3,4,5,4,4,5,3,6,5,1,3,4,3,3,1,0,4,2,1,0,0,1,0,0,0,1,0,0,0,0,0,0,21
Escuintla,2021,496.0,1637,184,1453,133,5,727,92,20,0,2,0,6,589,56,6,0,1,0,0,0,0,0,1,0,1,0,0,0,1,1,1,0,2,3,5,35,41,42,46,65,70,74,77,55,82,77,70,74,87,60,59,46,54,22,40,45,41,42,24,25,20,24,27,16,14,10,19,12,6,13,9,11,13,4,7,3,2,1,4,9,3,4,11,3,0,4,2,5,1,0,3,1,1,0,0,0,2,0,1,0,0,1,2,0,0,0,0,0,0,0,0,0,0,0,0,0,1
Guatemala,2021,3339.0,7461,926,6535,536,9,1691,206,47,27,13,0,160,4273,439,35,10,15,0,0,0,0,1,0,0,1,0,0,0,0,0,0,1,7,10,15,81,95,164,195,208,227,237,262,252,259,248,290,288,267,226,221,224,225,165,214,219,190,201,166,151,132,126,125,106,97,93,70,94,72,61,57,60,35,40,29,43,38,39,35,31,31,24,30,29,25,22,23,23,14,13,13,9,13,13,7,17,5,6,6,5,4,8,9,6,4,1,1,2,4,2,1,2,1,0,0,0,395
Huehuetenango,2021,399.0,905,101,804,147,3,221,112,3,7,4,1,4,297,92,4,3,6,1,0,0,0,0,0,1,0,0,0,1,2,0,4,4,7,7,20,14,29,24,24,36,30,30,27,42,34,28,23,34,19,38,22,18,24,20,17,22,18,23,12,22,15,14,12,10,13,13,6,7,7,7,5,5,9,6,4,3,10,5,1,6,2,5,4,0,7,3,3,4,1,2,5,0,2,1,2,3,2,3,1,5,2,0,2,0,2,1,1,0,0,0,0,0,0,0,0,0,8
Izabal,2021,310.0,899,69,830,9,1,463,84,13,4,0,0,5,265,51,1,2,1,0,0,0,0,0,0,0,0,0,0,0,0,0,1,1,2,5,8,18,21,20,29,30,34,48,48,45,33,31,34,36,43,30,26,17,36,21,28,24,27,25,15,16,9,11,19,9,10,5,10,10,2,12,5,4,3,5,0,2,3,4,3,2,4,1,1,2,0,1,2,0,2,1,0,1,1,0,0,0,1,0,0,0,0,0,0,0,0,0,0,0,0,0,0,0,0,0,0,0,2
Jalapa,2021,243.0,382,39,343,33,0,75,2,2,2,0,0,3,248,15,0,0,2,0,0,0,0,0,0,0,0,0,0,0,1,0,0,3,2,3,4,8,11,14,11,12,24,10,9,18,13,16,24,8,7,12,7,16,9,6,7,7,13,11,2,7,2,6,3,6,2,4,3,2,1,2,3,3,4,1,3,3,4,2,1,2,3,3,1,0,1,0,2,1,1,2,2,3,3,0,0,0,1,2,1,1,0,0,0,1,0,0,1,0,0,0,0,0,0,0,0,0,1
Jutiapa,2021,371.0,1545,272,1273,112,4,377,31,5,2,5,0,7,888,100,6,0,8,0,0,0,0,0,0,1,0,1,0,1,1,0,6,3,8,9,13,24,38,41,54,50,54,62,63,46,39,54,64,47,38,44,41,44,35,39,37,37,30,46,19,20,27,21,25,21,15,30,15,20,8,16,15,6,13,11,3,7,16,18,11,8,16,6,4,5,4,5,2,6,3,2,5,3,6,6,3,2,1,4,2,1,1,1,2,1,1,0,1,0,0,0,0,0,0,0,0,0,37
Petén,2021,258.0,1029,84,945,122,2,281,33,9,4,0,0,5,529,34,4,0,6,0,1,0,0,0,1,0,0,0,0,0,0,1,3,5,7,8,13,20,25,30,50,40,37,41,49,34,40,40,34,20,28,28,36,29,33,29,25,40,24,33,16,19,24,15,12,16,10,12,5,7,7,7,4,3,3,2,9,5,2,4,2,5,2,3,3,2,2,2,3,2,2,2,1,2,1,1,0,2,2,1,0,2,1,0,0,0,0,0,0,0,0,0,0,0,0,0,0,0,0
Quetzaltenango,2021,768.0,1787,129,1658,490,0,541,21,9,13,2,1,14,664,29,2,1,0,0,0,0,0,1,0,0,0,0,1,0,0,2,1,1,2,8,17,38,46,49,58,55,61,85,71,75,54,96,65,91,63,77,65,46,55,48,43,42,38,41,28,36,27,11,23,11,13,16,11,15,18,14,11,7,15,5,11,6,10,9,9,2,4,2,6,1,3,2,5,2,0,6,5,1,1,1,3,4,1,1,0,0,0,2,0,0,2,0,1,3,0,0,0,0,0,0,0,0,28
Quiché,2021,280.0,606,89,517,21,3,224,214,2,4,1,0,5,94,38,0,0,0,0,0,0,0,0,0,0,0,0,1,0,0,0,0,0,3,5,9,13,11,18,22,26,23,22,17,19,26,21,26,27,18,16,19,16,19,16,13,7,12,16,15,15,11,10,12,5,2,8,7,4,5,8,6,3,5,3,1,2,2,6,2,3,3,4,2,2,2,1,2,1,0,1,1,3,1,0,2,1,0,0,0,0,0,1,0,1,0,0,0,0,0,0,0,0,0,0,0,0,2
Retalhuleu,2021,312.0,1595,216,1379,52,7,700,15,2,1,0,0,18,705,42,28,1,24,0,6,4,3,5,8,8,11,6,15,10,7,7,12,16,19,23,21,33,36,45,48,53,43,55,70,49,42,66,56,66,59,56,53,43,59,41,44,37,36,32,23,22,30,10,28,17,9,17,5,12,7,8,12,10,8,5,4,5,3,7,8,5,0,2,4,2,1,3,2,5,3,0,0,0,1,1,1,0,1,2,0,0,1,1,2,1,1,1,0,1,0,0,0,0,0,0,0,0,1
Sacatepéquez,2021,189.0,1686,203,1483,124,0,760,28,11,1,3,0,8,701,40,3,1,6,0,0,0,0,0,1,1,1,0,1,2,2,4,0,6,7,8,12,29,28,53,66,48,67,68,73,56,51,71,60,78,58,62,57,50,55,41,43,52,32,41,38,33,32,22,25,20,14,17,15,12,12,10,14,6,10,4,15,11,6,14,8,10,8,4,5,0,2,2,2,3,1,0,3,5,4,0,2,0,2,1,0,0,0,0,0,0,0,0,1,0,0,0,0,0,0,0,0,0,9
San Marcos,2021,452.0,1606,151,1455,406,0,458,32,7,3,2,0,1,663,29,2,0,3,0,0,0,0,0,0,0,0,1,2,0,2,0,6,3,2,9,17,27,24,42,51,60,51,68,68,42,53,54,55,71,39,38,46,44,62,35,44,35,43,41,25,46,26,24,28,23,21,13,18,13,15,17,13,11,13,4,9,5,8,9,8,3,7,5,3,9,10,5,5,6,3,0,9,4,3,3,4,2,0,4,1,2,5,4,1,0,0,0,0,0,0,1,1,0,0,1,0,0,21
Santa Rosa,2021,323.0,1531,208,1323,71,3,585,71,14,5,1,1,17,604,151,1,2,5,0,0,0,0,0,0,0,1,0,1,0,0,0,1,2,4,10,14,32,40,43,47,46,48,52,61,52,69,47,52,45,45,61,36,36,43,26,39,39,37,38,32,32,19,21,20,19,15,16,20,20,17,19,13,15,16,13,22,14,7,12,9,12,7,8,8,10,2,4,3,2,4,2,7,1,1,1,5,4,0,3,0,0,4,2,1,1,0,0,0,0,0,0,0,0,0,0,0,1,0
Sololá,2021,96.0,478,90,388,54,0,196,12,0,0,0,0,6,203,6,1,0,0,0,0,0,0,0,0,0,0,0,0,1,0,0,0,1,1,8,4,8,11,16,14,14,12,14,14,13,13,12,14,14,14,18,7,10,14,6,11,13,7,8,13,7,10,9,14,8,6,4,6,12,6,1,5,3,7,6,5,3,2,2,1,3,4,2,3,5,3,4,2,3,3,3,2,1,2,1,3,3,0,0,0,0,0,0,0,0,0,1,0,0,0,0,0,0,0,0,0,0,8
Suchitepéquez,2021,329.0,1901,226,1675,371,2,484,21,8,3,4,0,17,934,43,5,1,8,0,0,0,0,0,0,0,0,1,0,0,1,1,3,0,4,8,9,39,41,48,72,71,82,65,75,79,71,61,50,81,45,53,72,63,47,52,53,58,32,64,25,33,29,26,24,18,32,20,23,17,13,10,10,12,7,6,8,10,6,8,5,10,9,5,7,8,7,4,1,8,4,6,1,3,3,4,3,4,0,6,1,0,1,0,1,1,0,1,0,0,0,0,0,0,0,0,0,0,60
Totonicapán,2021,180.0,544,74,470,75,0,194,14,2,1,0,0,4,220,32,1,0,1,0,0,0,0,0,0,0,0,0,0,0,0,0,0,1,1,2,0,5,20,10,14,22,19,11,21,23,23,12,18,24,18,18,22,18,13,19,17,12,9,14,9,9,9,6,3,4,6,14,5,9,5,6,0,4,6,7,2,3,1,5,3,2,5,3,3,2,1,4,0,3,1,1,2,1,3,1,1,0,1,1,2,0,0,0,0,0,0,0,1,0,0,0,0,0,0,0,0,0,4
Zacapa,2021,178.0,1159,211,948,232,6,321,19,8,0,2,0,10,478,72,9,0,1,1,0,0,0,0,0,0,0,0,0,0,0,1,1,2,2,6,5,23,32,35,35,26,34,32,46,32,33,35,47,64,39,27,28,30,37,24,13,22,25,64,14,24,19,14,22,12,12,15,18,13,12,13,9,6,10,9,11,7,4,14,5,4,4,3,10,4,5,3,5,4,3,4,4,3,2,0,1,0,0,2,0,1,1,0,1,1,0,0,1,0,0,0,0,0,0,0,0,0,30
Alta Verapaz,2022,198.0,4483,793,3690,631,7,1584,86,10,4,4,0,34,1885,216,19,0,3,0,0,0,2,0,1,1,0,0,0,0,3,2,4,11,22,35,61,101,128,135,175,201,171,157,145,171,159,149,163,171,118,176,145,130,130,126,121,129,100,101,65,85,72,68,56,56,51,34,42,46,25,40,29,32,26,19,21,19,17,13,17,18,13,8,19,10,17,9,8,12,7,11,6,6,5,4,1,3,3,2,1,2,3,1,3,1,1,0,1,0,0,0,0,0,1,1,0,0,29
Baja Verapaz,2022,145.0,1322,244,1078,76,2,433,20,2,1,1,0,7,712,61,3,0,4,0,0,1,0,0,0,2,0,0,0,3,1,1,0,1,0,7,7,22,30,38,40,48,44,53,47,42,38,39,47,40,38,41,36,35,32,33,29,28,23,34,20,43,32,17,23,21,16,22,16,9,15,20,11,6,4,9,6,7,10,8,5,6,4,7,9,8,7,5,3,4,1,6,6,1,3,6,1,3,1,0,1,0,1,2,1,2,2,1,2,1,1,1,0,0,0,0,0,0,26
Chimaltenango,2022,210.0,2159,220,1939,214,2,761,42,16,2,6,0,10,1013,74,15,0,3,1,0,0,0,0,0,0,0,0,0,0,0,1,3,2,3,8,13,46,62,70,72,77,80,81,81,77,72,76,69,86,73,57,80,78,51,47,60,57,59,52,41,47,39,41,38,22,32,23,23,23,19,21,14,16,13,20,10,13,8,10,12,8,0,5,9,6,3,8,4,4,4,2,4,2,2,2,1,3,0,2,1,1,2,0,1,1,1,1,2,0,0,0,0,0,0,0,0,0,2
Chiquimula,2022,212.0,474,78,396,22,1,123,52,2,3,0,2,1,238,27,1,1,1,0,0,0,2,0,0,0,0,0,1,0,0,1,0,1,3,1,2,5,7,11,14,12,18,24,19,21,8,20,11,13,11,16,20,15,10,11,12,13,14,15,8,6,5,12,7,6,4,3,4,0,6,6,7,5,2,4,2,5,3,5,0,4,2,2,2,2,0,3,1,2,2,1,2,4,1,0,4,1,2,2,0,0,1,1,0,0,0,0,0,0,0,0,0,0,1,0,0,0,3
El Progreso,2022,179.0,1124,258,866,67,1,276,45,1,0,2,0,10,627,88,6,0,1,0,1,1,0,0,0,0,0,0,1,0,2,1,1,2,1,4,6,19,25,29,40,34,45,33,41,40,24,26,35,29,35,39,39,31,28,23,29,26,24,21,20,37,13,12,17,14,16,9,8,12,12,12,14,11,8,13,3,9,4,13,9,5,4,3,5,3,4,4,4,3,10,9,3,3,1,1,3,2,0,8,4,3,0,3,0,0,0,0,0,0,1,1,0,0,1,0,0,0,35
Escuintla,2022,497.0,1747,195,1552,110,1,796,97,8,12,2,0,6,649,59,2,2,3,0,0,0,0,0,0,0,0,0,0,0,1,1,0,0,1,2,7,32,32,36,49,66,55,60,68,91,81,92,100,87,63,63,73,53,45,47,47,54,35,39,32,25,31,26,37,24,27,16,11,15,23,9,8,7,9,3,6,6,5,4,5,5,6,2,3,1,3,0,1,3,2,0,1,3,0,1,0,1,1,0,0,1,0,0,1,0,0,0,1,0,0,0,0,0,0,0,0,0,2
Guatemala,2022,3295.0,7936,1209,6727,468,10,1715,240,46,12,16,0,111,4777,499,27,5,10,0,1,0,2,0,1,1,2,2,3,2,0,0,5,3,9,11,22,74,97,139,203,221,235,231,246,265,283,310,270,253,246,316,264,259,276,218,207,203,180,192,170,183,144,137,135,116,112,116,100,72,81,76,53,53,51,57,52,43,40,47,25,49,26,32,31,37,27,21,23,26,20,19,11,13,18,8,17,10,15,11,14,5,9,6,7,4,8,2,4,3,1,0,2,1,2,1,0,1,337
Huehuetenango,2022,450.0,995,119,876,168,5,280,126,5,8,1,1,3,319,67,9,1,2,0,0,0,0,0,0,1,0,1,0,1,3,2,6,4,8,10,20,22,32,22,28,42,28,31,37,36,23,33,19,25,31,41,24,18,22,30,23,19,16,21,14,20,19,15,23,9,8,9,7,18,14,12,9,11,13,9,1,9,3,3,4,8,7,1,2,4,5,4,3,4,2,5,4,0,8,1,3,2,2,2,2,0,4,1,3,1,0,0,0,1,0,0,0,0,0,0,0,0,7
Izabal,2022,286.0,920,180,740,13,0,399,57,13,3,0,0,6,386,43,0,0,0,0,0,0,0,0,0,0,0,0,0,0,1,1,1,1,2,6,13,13,20,25,30,34,39,43,39,24,35,28,34,28,32,28,30,34,17,31,15,19,15,19,13,23,18,17,8,6,16,16,15,12,4,12,11,3,5,9,6,3,7,6,2,3,4,4,2,1,3,3,4,2,1,2,0,0,1,1,0,1,1,4,2,1,0,1,2,0,1,0,0,0,0,0,0,0,0,0,0,0,7
Jalapa,2022,238.0,461,42,419,42,1,92,1,1,0,0,0,1,302,18,2,0,1,0,0,0,0,0,0,0,0,0,0,1,0,0,0,3,1,2,10,10,12,13,12,18,12,17,22,20,16,17,19,8,13,21,6,10,22,11,11,7,3,10,5,9,12,11,3,6,5,6,10,7,2,3,0,2,2,3,2,4,4,1,4,3,3,1,6,1,5,0,0,0,0,1,0,1,0,1,2,1,0,1,0,2,1,0,1,0,0,0,0,1,0,0,0,0,0,0,0,0,2
Jutiapa,2022,402.0,1240,224,1016,118,0,243,19,6,2,0,0,6,773,71,2,0,0,0,0,0,0,0,0,0,1,0,0,0,1,0,1,1,4,6,10,21,35,37,42,45,35,39,52,41,29,29,41,37,31,34,33,27,33,38,29,27,20,28,22,20,20,18,21,19,12,20,17,22,18,11,5,15,14,9,10,9,9,13,1,4,7,4,14,9,3,8,7,7,5,3,2,3,5,4,2,1,4,2,2,1,2,1,0,1,0,1,5,1,1,2,0,0,0,0,0,0,17
Petén,2022,326.0,1041,113,928,113,0,245,20,3,1,0,0,5,602,45,4,0,3,0,0,0,0,0,0,0,0,0,0,0,0,1,3,3,5,5,9,16,19,31,30,48,38,38,42,35,44,31,37,34,36,33,31,27,22,34,34,31,17,36,28,29,18,16,12,15,13,12,17,14,8,8,6,3,4,4,9,3,7,4,5,0,1,6,2,1,1,0,4,2,4,1,2,2,1,0,0,0,2,1,0,1,0,0,0,0,1,0,0,0,1,2,0,0,0,1,0,0,0
Quetzaltenango,2022,794.0,2117,270,1847,352,4,744,20,7,13,2,2,21,895,48,3,1,5,0,0,0,0,0,1,0,0,0,0,0,0,0,1,0,3,12,12,29,38,34,67,69,61,60,73,85,77,99,90,105,65,89,61,54,68,56,60,61,68,50,30,42,31,26,26,31,22,20,20,15,12,28,16,20,17,11,16,6,6,13,7,8,5,5,8,3,2,1,3,12,4,4,1,1,6,7,2,3,4,1,3,3,0,4,0,1,1,0,1,1,0,0,0,0,0,0,0,0,60
Quiché,2022,314.0,638,124,514,28,7,154,230,3,2,0,1,6,167,37,3,0,0,0,0,0,0,0,0,0,0,0,0,0,0,0,1,0,1,0,1,7,8,11,17,26,21,24,21,22,26,24,18,33,19,26,20,21,22,14,15,26,15,21,8,12,19,13,10,4,6,12,11,10,4,5,9,5,4,6,0,2,2,4,1,3,3,2,3,0,1,0,1,3,1,3,1,0,1,3,0,1,1,1,0,1,0,0,0,0,0,0,0,0,0,0,0,0,0,0,0,0,2
Retalhuleu,2022,331.0,1577,212,1365,53,4,628,28,4,0,0,0,9,723,53,57,0,18,0,3,8,8,5,7,8,3,8,6,10,7,12,13,12,17,23,19,31,40,29,35,56,54,53,64,69,57,67,49,77,42,50,33,36,44,32,28,43,34,33,28,26,20,14,29,14,13,19,15,9,9,14,13,9,8,8,4,8,8,13,3,3,7,5,2,4,4,4,2,7,1,2,6,3,2,2,2,1,0,6,0,1,0,1,0,0,0,0,0,1,0,0,0,0,0,0,0,0,2
Sacatepéquez,2022,174.0,1693,219,1474,145,5,804,34,7,1,1,0,6,637,43,5,1,4,0,0,1,0,2,0,3,0,0,0,0,3,1,1,6,4,6,10,35,30,43,53,55,55,44,68,62,61,76,62,78,54,61,40,65,48,35,44,36,27,47,25,42,31,27,28,19,15,22,23,19,7,16,19,5,7,9,12,7,5,8,5,13,6,8,2,0,2,8,3,6,2,3,1,5,3,5,2,3,2,4,1,2,0,1,0,0,0,1,0,0,1,0,0,0,0,1,0,0,41
San Marcos,2022,565.0,1707,161,1546,361,2,568,36,6,0,3,0,8,672,39,6,1,4,1,0,0,0,0,1,0,1,0,1,1,1,2,3,3,6,9,21,26,23,39,54,49,62,57,53,64,57,61,47,66,46,44,43,47,55,43,47,42,38,46,43,30,27,32,35,15,29,18,18,17,8,14,13,10,19,12,15,12,15,12,2,8,16,8,6,7,3,3,8,4,3,7,3,6,8,2,1,5,2,4,5,3,5,0,1,1,1,1,2,0,0,0,1,0,0,0,0,0,29
Santa Rosa,2022,316.0,1125,141,984,82,0,354,59,7,0,1,0,6,518,92,2,0,3,1,1,1,0,0,0,0,1,0,0,0,0,1,1,9,4,12,8,18,31,31,37,33,34,33,43,44,30,42,38,49,35,30,42,34,31,38,32,34,23,26,19,19,15,8,19,20,15,16,11,13,9,11,4,5,7,7,6,12,5,4,6,4,5,0,5,2,8,7,1,2,4,2,2,2,1,5,2,0,0,2,2,1,1,0,4,1,2,0,0,0,0,2,0,0,0,1,0,0,0
Sololá,2022,137.0,353,73,280,72,0,98,6,1,0,0,0,4,159,13,0,0,0,0,0,0,0,0,0,0,0,0,0,0,0,0,0,1,2,0,5,2,4,2,9,13,20,8,11,9,12,4,7,10,8,16,7,9,12,5,10,6,6,14,5,10,4,5,13,2,4,5,4,6,9,3,5,2,8,4,3,0,4,1,1,3,4,1,2,2,4,1,1,2,3,3,2,0,1,1,1,0,2,2,0,0,1,1,2,0,0,0,1,0,0,0,0,0,0,0,0,0,3
Suchitepéquez,2022,485.0,1770,242,1528,328,3,556,13,6,2,1,1,25,799,31,4,0,1,0,0,0,0,0,0,0,0,1,1,0,2,2,6,6,8,11,16,27,37,50,48,55,65,64,70,74,79,71,53,61,52,51,57,48,47,39,48,48,33,44,29,40,29,27,36,21,17,24,11,21,16,17,18,19,17,7,4,9,3,8,3,11,10,9,8,7,4,3,4,6,2,5,2,4,0,0,2,0,2,7,1,2,1,0,2,0,0,0,0,0,0,0,1,0,0,0,0,0,27
Totonicapán,2022,201.0,460,52,408,87,0,134,7,1,1,0,0,9,205,13,1,0,2,0,0,0,0,0,0,0,0,0,0,0,1,0,0,0,0,1,6,10,14,10,14,16,18,14,16,20,15,20,13,24,11,11,12,16,9,13,10,14,5,10,8,10,10,7,4,9,7,7,5,3,3,7,3,3,7,2,4,5,1,3,3,4,1,3,3,2,1,1,2,1,0,2,0,1,1,1,0,1,0,0,0,0,1,0,0,0,0,1,0,0,0,0,0,0,0,0,0,0,0
Zacapa,2022,195.0,910,141,769,85,1,315,17,6,0,1,0,8,429,42,1,0,5,0,0,0,0,0,0,0,0,0,0,0,1,1,2,6,0,5,8,9,17,22,23,33,20,26,28,31,33,37,44,31,33,31,30,23,28,22,15,18,17,16,13,20,12,16,9,15,8,11,12,17,9,7,6,7,8,8,5,4,4,8,8,8,6,5,9,4,4,4,5,2,3,2,1,3,1,0,1,2,0,0,1,0,1,0,1,0,0,1,0,0,0,0,0,0,0,0,0,0,29
Alta Verapaz,2023,,4085,628,3457,491,14,1581,85,14,0,8,0,23,1700,150,12,0,7,0,0,0,0,0,0,1,0,1,2,1,1,4,7,7,24,36,55,95,86,119,142,150,174,155,168,136,136,121,120,174,115,137,134,112,135,116,107,124,97,102,67,99,89,64,68,55,52,52,33,35,24,20,20,20,20,19,14,17,19,11,14,11,11,15,12,10,9,6,8,4,7,8,5,1,7,3,3,4,5,2,3,3,2,1,1,1,0,1,0,0,0,0,0,0,0,0,0,0,36
Baja Verapaz,2023,,1054,170,884,42,3,374,12,9,1,1,0,11,553,42,3,1,1,1,0,0,0,0,1,0,0,1,0,0,0,0,1,0,2,5,8,23,25,31,23,38,28,22,40,35,40,42,47,37,27,36,28,31,21,33,32,38,28,29,21,24,28,15,14,19,9,16,14,9,7,10,8,7,3,4,4,6,6,6,4,5,4,8,6,2,6,2,1,3,1,3,7,2,2,3,1,2,0,0,1,0,0,2,0,0,0,0,0,0,0,0,0,0,0,0,0,0,7
Chimaltenango,2023,,2089,255,1834,153,0,755,44,8,0,2,1,13,1054,50,5,0,4,0,0,0,0,0,0,0,0,0,0,0,0,1,1,0,6,4,24,31,55,42,47,72,81,81,68,82,81,81,75,71,69,61,53,52,81,53,56,57,45,57,36,39,41,36,53,20,33,27,9,24,20,25,14,15,16,17,14,13,14,9,9,9,16,4,13,6,8,9,6,6,5,4,3,4,2,3,5,2,2,3,2,0,1,0,0,1,1,0,0,0,1,0,0,0,0,0,0,0,2
Chiquimula,2023,,385,60,325,25,1,137,25,1,0,0,0,3,177,15,0,0,1,0,1,1,0,0,0,2,0,0,0,0,0,0,1,1,1,3,4,3,7,9,14,14,16,14,14,9,13,13,10,11,14,11,9,11,8,9,8,14,12,6,6,5,13,6,7,7,2,6,6,3,6,4,3,2,3,2,2,2,1,0,6,2,0,0,0,2,1,1,2,0,1,0,2,2,0,0,3,0,2,1,0,2,2,1,1,0,0,1,0,0,0,0,0,0,0,0,0,0,4
El Progreso,2023,,988,246,742,80,1,229,14,5,0,0,1,4,627,20,3,0,4,0,0,0,0,0,0,0,0,0,1,0,0,2,1,4,6,4,6,26,13,20,25,30,41,28,35,26,30,27,23,38,22,33,27,20,19,24,29,26,29,23,28,22,14,13,16,16,10,23,10,6,10,7,13,6,14,4,5,9,8,11,10,2,4,4,4,1,3,4,6,4,5,7,4,2,1,3,2,2,3,0,2,3,1,0,3,0,0,0,0,0,0,0,0,0,0,0,0,0,25
Escuintla,2023,,1612,166,1446,120,0,644,58,8,1,1,1,14,700,59,5,0,1,0,0,1,0,0,0,0,0,0,0,0,0,0,0,0,2,0,1,55,30,39,59,78,60,60,66,74,65,81,81,59,44,74,55,58,52,44,35,39,35,43,29,29,34,25,28,20,20,14,12,14,9,12,6,6,3,3,9,5,5,6,3,2,4,2,3,1,3,0,3,2,1,2,1,0,1,0,0,1,1,0,0,0,0,0,0,0,0,0,1,0,0,0,0,0,0,0,0,0,2
Guatemala,2023,,8381,1337,7044,450,17,1934,218,55,22,10,1,138,4977,483,46,11,14,5,0,2,1,2,0,2,3,0,4,1,2,4,3,5,7,12,24,87,115,164,166,209,235,259,264,266,315,310,293,291,251,309,261,232,248,209,222,201,218,197,181,160,175,129,149,117,126,121,92,108,65,89,73,61,60,56,62,57,44,54,34,43,51,31,31,27,33,24,24,26,26,29,28,17,20,13,10,16,12,17,10,7,13,9,7,5,3,5,10,4,2,3,1,4,0,0,1,0,412
Huehuetenango,2023,,995,124,871,181,4,233,141,9,8,2,0,1,350,48,13,1,4,0,0,1,0,2,2,0,2,0,2,2,1,6,7,9,6,13,14,13,17,17,24,28,32,29,18,41,32,23,31,28,29,34,43,33,27,30,23,27,23,22,15,30,14,22,11,11,13,17,9,14,4,12,11,3,6,14,5,2,9,6,2,5,5,3,8,5,2,2,2,2,2,3,2,3,4,2,4,1,1,2,0,2,1,2,2,0,1,0,1,0,0,0,1,0,0,0,0,0,6
Izabal,2023,,718,162,556,52,0,209,18,3,0,0,0,4,400,27,4,0,1,0,0,0,0,0,1,0,0,0,0,0,1,0,3,2,0,2,3,9,14,20,17,33,23,20,14,25,33,22,24,24,24,25,29,15,25,24,13,21,23,20,14,24,15,10,9,8,7,9,9,10,10,10,7,6,3,3,4,0,3,4,0,4,4,1,1,3,4,1,2,2,2,2,2,1,2,2,1,0,0,1,0,1,1,2,0,0,0,0,0,0,0,0,0,0,0,0,0,0,5
Jalapa,2023,,470,34,436,40,0,150,7,3,0,0,0,1,254,12,2,0,1,0,0,0,0,0,0,0,0,0,0,0,0,0,1,0,2,4,4,8,15,18,6,21,13,18,18,11,21,12,10,13,13,19,13,11,17,15,10,10,8,18,5,13,7,4,10,7,10,9,7,6,1,10,3,3,1,3,2,2,1,1,2,3,3,0,2,2,7,1,0,1,5,0,0,5,1,1,0,1,1,0,0,0,0,0,0,0,0,0,0,0,0,0,0,0,0,0,0,0,1
Jutiapa,2023,,1173,222,951,70,0,239,6,1,1,1,0,6,824,23,0,0,2,0,0,0,0,0,0,0,0,0,0,2,0,3,0,2,6,4,4,20,24,34,28,42,31,29,41,49,27,34,35,39,31,31,43,26,27,29,22,38,26,31,21,27,22,15,19,19,11,11,16,20,13,21,10,14,9,6,6,3,4,7,10,9,7,9,6,6,1,0,4,7,4,4,12,6,5,4,3,1,1,5,5,3,0,3,2,1,1,2,0,0,0,0,1,0,0,1,0,0,18
Petén,2023,,1027,90,937,132,4,253,20,3,1,4,0,14,521,60,5,0,10,0,0,2,0,0,0,0,0,0,0,3,1,4,2,2,6,6,10,26,35,31,33,37,52,44,29,37,36,43,43,37,32,36,31,32,28,30,17,28,20,17,24,25,15,10,9,15,12,12,4,7,11,9,8,3,4,7,5,1,2,4,2,2,2,5,8,2,4,3,2,3,1,0,3,1,1,1,1,0,1,0,1,0,1,1,3,1,0,0,0,0,1,0,0,0,0,0,0,0,0
Quetzaltenango,2023,,1920,234,1686,330,3,613,12,10,2,1,0,14,910,22,1,0,2,0,0,0,0,0,1,0,0,0,0,0,0,0,1,2,4,1,13,25,30,61,45,77,75,81,79,64,64,73,71,81,58,74,73,50,61,53,44,41,54,54,31,28,38,29,31,26,26,20,15,22,15,20,14,14,12,11,13,7,10,7,10,5,3,7,3,5,3,4,3,1,5,2,3,3,3,1,0,5,1,2,0,5,2,0,1,0,1,0,0,0,0,0,0,0,0,0,0,0,43
Quiché,2023,,1388,207,1181,188,1,441,10,0,0,1,0,5,708,28,1,0,5,0,0,0,0,0,0,0,1,0,0,1,1,0,1,2,2,6,13,25,21,46,29,52,39,33,48,37,46,66,47,60,34,39,35,34,54,44,28,35,26,29,14,31,28,32,30,19,19,20,12,31,18,21,7,16,6,3,9,8,7,8,8,6,6,4,12,5,3,0,0,5,2,1,12,3,8,2,3,7,0,1,1,0,1,0,1,3,2,2,1,0,0,0,0,0,0,1,0,0,15
Retalhuleu,2023,,1591,237,1354,63,0,660,21,8,0,1,0,6,678,53,87,0,14,0,5,13,12,4,11,12,13,15,11,25,14,20,21,30,29,22,17,33,17,28,33,39,44,50,64,53,45,67,43,73,34,52,47,34,62,34,32,52,19,36,27,26,24,18,28,21,15,11,15,20,9,9,4,3,9,3,3,14,10,7,3,7,1,3,6,5,2,3,1,2,2,0,1,1,3,3,0,0,0,0,1,1,0,1,1,0,0,0,1,0,0,0,0,0,0,0,0,0,2
Sacatepéquez,2023,,1387,192,1195,95,6,525,14,7,0,4,0,11,655,53,4,0,12,1,1,1,0,0,0,1,3,3,2,3,1,4,2,4,3,11,6,22,22,42,41,49,33,36,54,48,58,75,50,52,45,53,49,41,46,27,35,47,29,36,24,18,22,21,18,21,19,9,5,8,9,6,11,8,7,6,13,4,6,5,8,6,6,9,4,4,5,5,5,5,4,4,4,7,4,1,1,1,1,3,3,1,0,0,0,0,0,0,0,0,0,0,0,0,0,0,0,0,21
San Marcos,2023,,1815,255,1560,374,3,618,32,11,0,6,1,10,702,46,3,1,8,0,0,0,0,0,0,0,2,0,0,3,1,0,4,1,13,15,19,39,33,47,45,44,49,62,59,56,52,54,59,72,53,57,50,46,64,48,37,45,56,48,38,35,42,31,23,27,26,32,11,16,16,21,20,13,24,12,10,12,11,8,4,3,9,4,13,7,5,12,10,11,2,5,2,4,2,3,2,5,5,5,4,2,2,4,1,2,1,0,1,0,0,0,0,1,0,0,0,2,21
Santa Rosa,2023,,919,123,796,79,2,232,5,2,1,1,0,7,555,29,0,0,6,0,0,0,0,0,1,2,0,0,0,1,1,1,1,1,5,1,6,20,25,30,22,27,30,39,29,37,26,25,28,38,25,32,24,21,26,24,17,21,17,31,18,30,20,14,19,10,9,15,7,14,8,6,11,5,7,8,6,7,5,5,4,7,3,3,4,4,1,1,2,4,8,4,2,0,0,1,2,1,1,0,0,2,0,1,1,1,1,1,0,1,1,0,0,0,0,0,0,0,0
Sololá,2023,,441,103,338,101,1,108,4,0,0,0,0,2,215,9,0,0,1,0,0,0,0,0,0,0,1,0,0,0,1,0,0,0,1,4,1,15,4,10,4,11,14,7,10,9,12,14,8,16,7,9,11,12,8,14,14,16,10,11,6,9,11,12,11,5,3,7,9,9,4,3,2,5,5,6,6,1,4,7,4,1,6,7,0,1,7,7,4,4,1,2,3,2,2,1,2,4,0,1,1,1,0,0,0,0,0,0,0,0,0,0,0,0,0,0,0,0,1
Suchitepéquez,2023,,1708,246,1462,316,1,407,20,7,1,3,0,22,881,34,10,0,6,0,0,0,0,0,0,0,0,2,0,0,0,2,3,4,8,7,9,37,37,46,49,55,54,51,65,52,58,48,68,54,54,77,52,50,43,36,47,43,36,44,33,22,26,30,27,23,26,19,15,17,20,14,18,9,11,9,10,8,10,10,5,9,12,10,10,3,11,7,11,8,4,9,3,3,3,2,5,2,3,2,3,2,0,0,0,3,1,3,0,1,0,0,0,0,0,0,0,0,25
Totonicapán,2023,,589,67,522,120,2,153,8,1,2,2,0,7,282,7,2,0,3,0,0,0,0,0,0,0,0,0,1,0,0,0,0,1,3,4,3,12,8,19,11,17,16,21,27,21,18,21,19,27,17,17,21,20,17,12,15,14,9,18,4,17,12,6,12,10,7,9,2,7,8,3,7,7,5,2,4,2,2,2,4,2,5,1,2,1,5,1,6,5,3,0,1,0,1,2,0,0,1,0,0,0,1,0,0,0,0,0,1,0,0,0,0,0,0,0,0,0,10
Zacapa,2023,,716,159,557,47,1,265,16,4,0,2,0,3,339,33,4,0,2,0,0,0,0,0,0,0,2,0,2,0,1,2,0,1,3,3,7,12,21,16,20,19,23,22,24,15,20,28,19,34,20,12,17,18,24,23,20,16,18,21,12,11,17,16,11,6,6,9,4,3,11,12,7,2,5,1,5,6,5,9,5,4,5,8,4,1,2,1,0,5,0,1,1,4,1,5,1,1,3,1,1,0,1,1,0,0,0,0,0,0,0,0,0,0,0,0,0,0,19
